date,ind_manufacturera
2017-07-01,37562573
2017-07-02,14172715
2017-07-03,133271611
2017-07-04,137728754
2017-07-05,148143902
2017-07-06,157859182
2017-07-07,215790630
2017-07-08,64081782
2017-07-09,23751730
2017-07-10,177239518
2017-07-11,159084018
2017-07-12,159958999
2017-07-13,159432807
2017-07-14,224398501
2017-07-15,92859925
2017-07-16,26233047
2017-07-17,181795257
2017-07-18,165560157
2017-07-19,153246314
2017-07-20,177340178
2017-07-21,218983471
2017-07-22,53795961
2017-07-23,24043887
2017-07-24,185897722
2017-07-25,156843079
2017-07-26,176823452
2017-07-27,185708915
2017-07-28,254292179
2017-07-29,50629537
2017-07-30,19367605
2017-07-31,1006016329
2017-08-01,169708256
2017-08-02,148584181
2017-08-03,162156930
2017-08-04,206260637
2017-08-05,47159554
2017-08-06,19568711
2017-08-07,164315908
2017-08-08,154769212
2017-08-09,155390945
2017-08-10,178060875
2017-08-11,248608598
2017-08-12,61844061
2017-08-13,21420477
2017-08-14,165144230
2017-08-15,52170859
2017-08-16,185946602
2017-08-17,159763549
2017-08-18,207704755
2017-08-19,47671166
2017-08-20,34194310
2017-08-21,186720691
2017-08-22,165794954
2017-08-23,146418015
2017-08-24,165812468
2017-08-25,223547055
2017-08-26,51133471
2017-08-27,21765909
2017-08-28,171804902
2017-08-29,167357582
2017-08-30,174338684
2017-08-31,1039676120
2017-09-01,178350547
2017-09-02,35924668
2017-09-03,17412769
2017-09-04,159875349
2017-09-05,155102768
2017-09-06,167629784
2017-09-07,169920619
2017-09-08,205405368
2017-09-09,59001618
2017-09-10,32755888
2017-09-11,150632763
2017-09-12,167562990
2017-09-13,162171838
2017-09-14,164339715
2017-09-15,281680392
2017-09-16,58583995
2017-09-17,21358749
2017-09-18,197316897
2017-09-19,157280268
2017-09-20,179203400
2017-09-21,171025141
2017-09-22,237344389
2017-09-23,54942296
2017-09-24,22607351
2017-09-25,200064265
2017-09-26,180684179
2017-09-27,172217273
2017-09-28,184590432
2017-09-29,346733108
2017-09-30,810244980
2017-10-01,19367441
2017-10-02,153820128
2017-10-03,155325775
2017-10-04,175065661
2017-10-05,212601250
2017-10-06,233291065
2017-10-07,58959205
2017-10-08,24534542
2017-10-09,205638927
2017-10-10,203101364
2017-10-11,193419277
2017-10-12,23355901
2017-10-13,228216162
2017-10-14,62917097
2017-10-15,60899834
2017-10-16,222017237
2017-10-17,182068338
2017-10-18,174583693
2017-10-19,180784348
2017-10-20,253831646
2017-10-21,57851785
2017-10-22,22491469
2017-10-23,202157202
2017-10-24,181223410
2017-10-25,189630996
2017-10-26,195153941
2017-10-27,245384549
2017-10-28,54958689
2017-10-29,22738567
2017-10-30,234777831
2017-10-31,1140584174
2017-11-01,24441022
2017-11-02,230923066
2017-11-03,212394817
2017-11-04,53553466
2017-11-05,20103915
2017-11-06,214717303
2017-11-07,172775686
2017-11-08,172772050
2017-11-09,180656627
2017-11-10,263098379
2017-11-11,62240756
2017-11-12,27235401
2017-11-13,218101474
2017-11-14,174065324
2017-11-15,234802314
2017-11-16,182637509
2017-11-17,242310313
2017-11-18,59776439
2017-11-19,24707036
2017-11-20,205757589
2017-11-21,188177217
2017-11-22,186295768
2017-11-23,176509099
2017-11-24,253362677
2017-11-25,56283113
2017-11-26,23208635
2017-11-27,213775106
2017-11-28,189188799
2017-11-29,195398675
2017-11-30,1068253957
2017-12-01,234357014
2017-12-02,47523400
2017-12-03,19440812
2017-12-04,196126032
2017-12-05,183438294
2017-12-06,36660401
2017-12-07,217664939
2017-12-08,47553913
2017-12-09,57311608
2017-12-10,31414901
2017-12-11,238103548
2017-12-12,193773302
2017-12-13,185893315
2017-12-14,190837865
2017-12-15,335807816
2017-12-16,70158610
2017-12-17,27730738
2017-12-18,251051419
2017-12-19,192397937
2017-12-20,194722316
2017-12-21,188999313
2017-12-22,248059112
2017-12-23,69605159
2017-12-24,17669122
2017-12-25,13040941
2017-12-26,155008359
2017-12-27,198428926
2017-12-28,215531802
2017-12-29,334655811
2017-12-30,141655092
2017-12-31,571110828
2018-01-01,9217537
2018-01-02,138558822
2018-01-03,127349161
2018-01-04,156912670
2018-01-05,184538709
2018-01-06,20784100
2018-01-07,21211257
2018-01-08,163391980
2018-01-09,145976126
2018-01-10,154943846
2018-01-11,153784299
2018-01-12,203271502
2018-01-13,52252547
2018-01-14,26954135
2018-01-15,178956104
2018-01-16,169352106
2018-01-17,157361367
2018-01-18,155781587
2018-01-19,213293210
2018-01-20,58830380
2018-01-21,24584758
2018-01-22,193986073
2018-01-23,164744563
2018-01-24,155097972
2018-01-25,160224557
2018-01-26,229547225
2018-01-27,47636955
2018-01-28,23234099
2018-01-29,195280613
2018-01-30,190934818
2018-01-31,993915578
2018-02-01,159668735
2018-02-02,166448620
2018-02-03,38512310
2018-02-04,15866793
2018-02-05,191799169
2018-02-06,161475568
2018-02-07,162599238
2018-02-08,170533855
2018-02-09,221515828
2018-02-10,67028540
2018-02-11,23365684
2018-02-12,198357557
2018-02-13,172304090
2018-02-14,163163993
2018-02-15,276985636
2018-02-16,228506481
2018-02-17,53275751
2018-02-18,21131782
2018-02-19,192853518
2018-02-20,178473492
2018-02-21,166229430
2018-02-22,175939101
2018-02-23,240644619
2018-02-24,50315878
2018-02-25,22387557
2018-02-26,196174585
2018-02-27,196588955
2018-02-28,908051344
2018-03-01,160552210
2018-03-02,176781525
2018-03-03,39074830
2018-03-04,18527507
2018-03-05,192406023
2018-03-06,165817703
2018-03-07,161542030
2018-03-08,167164777
2018-03-09,245751926
2018-03-10,66542304
2018-03-11,21997100
2018-03-12,198959994
2018-03-13,163028540
2018-03-14,175964700
2018-03-15,239044465
2018-03-16,243765971
2018-03-17,53906377
2018-03-18,21199599
2018-03-19,187111465
2018-03-20,191742523
2018-03-21,183352666
2018-03-22,196144602
2018-03-23,255275541
2018-03-24,54551485
2018-03-25,22795098
2018-03-26,235138759
2018-03-27,202765828
2018-03-28,246861572
2018-03-29,121791193
2018-03-30,40060911
2018-03-31,826979901
2018-04-01,19795035
2018-04-02,102079760
2018-04-03,162510935
2018-04-04,171056727
2018-04-05,175736880
2018-04-06,228423807
2018-04-07,57628906
2018-04-08,25595593
2018-04-09,182254454
2018-04-10,190869055
2018-04-11,178778490
2018-04-12,193923653
2018-04-13,252616750
2018-04-14,59011851
2018-04-15,65009705
2018-04-16,222232133
2018-04-17,192411939
2018-04-18,170946462
2018-04-19,175664301
2018-04-20,236493117
2018-04-21,56677490
2018-04-22,23672170
2018-04-23,172356532
2018-04-24,186282017
2018-04-25,180453383
2018-04-26,184852942
2018-04-27,255658067
2018-04-28,50168363
2018-04-29,26406920
2018-04-30,1003286660
2018-05-01,22010118
2018-05-02,154642241
2018-05-03,159783642
2018-05-04,211180610
2018-05-05,50482950
2018-05-06,19126796
2018-05-07,213304290
2018-05-08,200099063
2018-05-09,187451992
2018-05-10,239417998
2018-05-11,242712477
2018-05-12,60168884
2018-05-13,21839504
2018-05-14,202462920
2018-05-15,218028361
2018-05-16,180649345
2018-05-17,164465502
2018-05-18,223577187
2018-05-19,57911415
2018-05-20,30251596
2018-05-21,184793270
2018-05-22,180389381
2018-05-23,176674095
2018-05-24,173715023
2018-05-25,241894075
2018-05-26,50503325
2018-05-27,22500000
2018-05-28,212766250
2018-05-29,178348046
2018-05-30,213257541
2018-05-31,1076459229
2018-06-01,178625713
2018-06-02,36459346
2018-06-03,16700976
2018-06-04,177504092
2018-06-05,167123812
2018-06-06,168592761
2018-06-07,166157289
2018-06-08,221527909
2018-06-09,52009433
2018-06-10,37378293
2018-06-11,207062802
2018-06-12,172267132
2018-06-13,177379455
2018-06-14,178169380
2018-06-15,288051569
2018-06-16,53798650
2018-06-17,24315673
2018-06-18,198382588
2018-06-19,167301867
2018-06-20,177246299
2018-06-21,171920502
2018-06-22,237088956
2018-06-23,52224231
2018-06-24,22045168
2018-06-25,222503042
2018-06-26,175229018
2018-06-27,185504191
2018-06-28,194597724
2018-06-29,329349886
2018-06-30,828490309
2018-07-01,21138466
2018-07-02,148518404
2018-07-03,143804600
2018-07-04,157241208
2018-07-05,173715521
2018-07-06,219147079
2018-07-07,50743677
2018-07-08,24201784
2018-07-09,205505481
2018-07-10,187734300
2018-07-11,171845704
2018-07-12,177157940
2018-07-13,239110469
2018-07-14,58177821
2018-07-15,58804518
2018-07-16,197085995
2018-07-17,162799647
2018-07-18,164821984
2018-07-19,172061185
2018-07-20,239740325
2018-07-21,54497928
2018-07-22,22306172
2018-07-23,211189788
2018-07-24,172423393
2018-07-25,193043183
2018-07-26,195425095
2018-07-27,235868922
2018-07-28,48771642
2018-07-29,19803263
2018-07-30,234804353
2018-07-31,1016928229
2018-08-01,159097804
2018-08-02,145437765
2018-08-03,202892261
2018-08-04,41098240
2018-08-05,21032277
2018-08-06,194324416
2018-08-07,167002820
2018-08-08,155484137
2018-08-09,161563683
2018-08-10,238242073
2018-08-11,55096897
2018-08-12,22880015
2018-08-13,187204887
2018-08-14,190433240
2018-08-15,64402467
2018-08-16,176284162
2018-08-17,225618102
2018-08-18,48692259
2018-08-19,20752403
2018-08-20,189423792
2018-08-21,161561228
2018-08-22,157712521
2018-08-23,170853262
2018-08-24,220832133
2018-08-25,46676789
2018-08-26,24437552
2018-08-27,206728115
2018-08-28,195996663
2018-08-29,173873609
2018-08-30,193590168
2018-08-31,1066948500
2018-09-01,37174862
2018-09-02,14111247
2018-09-03,154600733
2018-09-04,155039983
2018-09-05,156022562
2018-09-06,178498621
2018-09-07,237208934
2018-09-08,50682202
2018-09-09,23840409
2018-09-10,221910408
2018-09-11,137498195
2018-09-12,175173354
2018-09-13,171827441
2018-09-14,224542767
2018-09-15,93598857
2018-09-16,27033269
2018-09-17,190012475
2018-09-18,187432427
2018-09-19,174309594
2018-09-20,182722427
2018-09-21,241627399
2018-09-22,54748555
2018-09-23,24678704
2018-09-24,197811151
2018-09-25,174759797
2018-09-26,191398744
2018-09-27,187095304
2018-09-28,352026870
2018-09-29,107549459
2018-09-30,660874345
2018-10-01,164213070
2018-10-02,165440764
2018-10-03,150591102
2018-10-04,189666810
2018-10-05,251185746
2018-10-06,52342449
2018-10-07,28219915
2018-10-08,214451579
2018-10-09,165104180
2018-10-10,215063519
2018-10-11,226130791
2018-10-12,36089629
2018-10-13,53590051
2018-10-14,25251640
2018-10-15,274544289
2018-10-16,193223973
2018-10-17,199165487
2018-10-18,198182656
2018-10-19,241533625
2018-10-20,69374616
2018-10-21,24872071
2018-10-22,192247644
2018-10-23,188636532
2018-10-24,176584651
2018-10-25,196185518
2018-10-26,251372117
2018-10-27,56713033
2018-10-28,24632233
2018-10-29,225051377
2018-10-30,221307796
2018-10-31,1114367028
2018-11-01,24604928
2018-11-02,190070911
2018-11-03,38663207
2018-11-04,17490826
2018-11-05,184685972
2018-11-06,191228468
2018-11-07,219361278
2018-11-08,210547993
2018-11-09,254025974
2018-11-10,72798714
2018-11-11,30395395
2018-11-12,229469737
2018-11-13,175247283
2018-11-14,199850193
2018-11-15,239243294
2018-11-16,277650411
2018-11-17,57713822
2018-11-18,25331297
2018-11-19,213215785
2018-11-20,199625685
2018-11-21,176405238
2018-11-22,186953790
2018-11-23,261074888
2018-11-24,53104064
2018-11-25,26339634
2018-11-26,222598066
2018-11-27,185963238
2018-11-28,184389527
2018-11-29,226194498
2018-11-30,1097571919
2018-12-01,42403735
2018-12-02,15039547
2018-12-03,192426769
2018-12-04,191259589
2018-12-05,202666097
2018-12-06,37278788
2018-12-07,218647974
2018-12-08,37652591
2018-12-09,25853275
2018-12-10,236429793
2018-12-11,189877269
2018-12-12,184922019
2018-12-13,229826292
2018-12-14,270320828
2018-12-15,106701990
2018-12-16,29245249
2018-12-17,234810672
2018-12-18,208850776
2018-12-19,192575629
2018-12-20,239622431
2018-12-21,273566939
2018-12-22,73153675
2018-12-23,30015304
2018-12-24,121957346
2018-12-25,8669683
2018-12-26,173534613
2018-12-27,226654953
2018-12-28,242449104
2018-12-29,64780084
2018-12-30,30821196
2018-12-31,894679968
2019-01-01,4281919
2019-01-02,148503817
2019-01-03,167206682
2019-01-04,183502789
2019-01-05,50050918
2019-01-06,16715886
2019-01-07,110031556
2019-01-08,179474566
2019-01-09,172790114
2019-01-10,185579582
2019-01-11,227308597
2019-01-12,54212190
2019-01-13,25663787
2019-01-14,188429636
2019-01-15,114018822
2019-01-16,181818571
2019-01-17,183648569
2019-01-18,218463477
2019-01-19,51087197
2019-01-20,32819403
2019-01-21,206811900
2019-01-22,157175301
2019-01-23,164984605
2019-01-24,196101986
2019-01-25,242710306
2019-01-26,51189865
2019-01-27,23469016
2019-01-28,182971298
2019-01-29,168310356
2019-01-30,182618443
2019-01-31,1102377276
2019-02-01,185984045
2019-02-02,38731594
2019-02-03,17642316
2019-02-04,189989032
2019-02-05,153492553
2019-02-06,176410752
2019-02-07,188373259
2019-02-08,238987437
2019-02-09,56395249
2019-02-10,34740972
2019-02-11,183212283
2019-02-12,189936505
2019-02-13,178625683
2019-02-14,183654293
2019-02-15,299680216
2019-02-16,55360590
2019-02-17,28636719
2019-02-18,197385050
2019-02-19,164717994
2019-02-20,182480721
2019-02-21,162375217
2019-02-22,240537571
2019-02-23,49249566
2019-02-24,24436174
2019-02-25,204150454
2019-02-26,181330066
2019-02-27,204619383
2019-02-28,998556753
2019-03-01,159944390
2019-03-02,31763140
2019-03-03,18022034
2019-03-04,169660437
2019-03-05,206797401
2019-03-06,186079439
2019-03-07,169679098
2019-03-08,239121749
2019-03-09,58415302
2019-03-10,34909364
2019-03-11,196809239
2019-03-12,181919255
2019-03-13,170396178
2019-03-14,186819868
2019-03-15,306379881
2019-03-16,53398772
2019-03-17,22030767
2019-03-18,199395387
2019-03-19,128926392
2019-03-20,192953831
2019-03-21,183692244
2019-03-22,240178079
2019-03-23,52135765
2019-03-24,24426036
2019-03-25,201223994
2019-03-26,167168002
2019-03-27,185681752
2019-03-28,196856746
2019-03-29,366630665
2019-03-30,113717470
2019-03-31,698526982
2019-04-01,163538647
2019-04-02,151928607
2019-04-03,168316370
2019-04-04,198274966
2019-04-05,245249471
2019-04-06,54829155
2019-04-07,23997888
2019-04-08,226299606
2019-04-09,182180480
2019-04-10,203952607
2019-04-11,206540802
2019-04-12,268847007
2019-04-13,57309855
2019-04-14,22840988
2019-04-15,280262328
2019-04-16,191006048
2019-04-17,195678399
2019-04-18,101892962
2019-04-19,32139290
2019-04-20,55943131
2019-04-21,23528985
2019-04-22,143361512
2019-04-23,184831266
2019-04-24,206701262
2019-04-25,193427504
2019-04-26,254031653
2019-04-27,49398569
2019-04-28,23730000
2019-04-29,219895195
2019-04-30,1082046576
2019-05-01,17775994
2019-05-02,166902394
2019-05-03,209241486
2019-05-04,40369825
2019-05-05,18823993
2019-05-06,182388634
2019-05-07,176484010
2019-05-08,175824128
2019-05-09,182383554
2019-05-10,266112663
2019-05-11,53326938
2019-05-12,25281988
2019-05-13,207759305
2019-05-14,175662214
2019-05-15,234898969
2019-05-16,199280533
2019-05-17,250505278
2019-05-18,51327768
2019-05-19,24558670
2019-05-20,203189562
2019-05-21,160964578
2019-05-22,174431991
2019-05-23,214459382
2019-05-24,249474666
2019-05-25,55670799
2019-05-26,22347430
2019-05-27,212972679
2019-05-28,182905211
2019-05-29,176634217
2019-05-30,210362215
2019-05-31,1151269034
2019-06-01,34628869
2019-06-02,14915198
2019-06-03,150267073
2019-06-04,165594846
2019-06-05,172612872
2019-06-06,179214920
2019-06-07,241298279
2019-06-08,55387682
2019-06-09,22065905
2019-06-10,191299942
2019-06-11,180611778
2019-06-12,196806615
2019-06-13,194480693
2019-06-14,254972213
2019-06-15,101004786
2019-06-16,25126713
2019-06-17,205102486
2019-06-18,210778903
2019-06-19,197989231
2019-06-20,192122325
2019-06-21,257748197
2019-06-22,61822691
2019-06-23,21241946
2019-06-24,141277117
2019-06-25,200401868
2019-06-26,182052127
2019-06-27,225744419
2019-06-28,337650463
2019-06-29,94393479
2019-06-30,730239086
2019-07-01,163770949
2019-07-02,149769808
2019-07-03,162838846
2019-07-04,234970301
2019-07-05,268307010
2019-07-06,53590991
2019-07-07,24734986
2019-07-08,198694713
2019-07-09,173949769
2019-07-10,188321050
2019-07-11,175308459
2019-07-12,232942776
2019-07-13,51766119
2019-07-14,25513207
2019-07-15,250182790
2019-07-16,177784296
2019-07-17,178691589
2019-07-18,179809982
2019-07-19,242912655
2019-07-20,64143521
2019-07-21,21714198
2019-07-22,193178979
2019-07-23,172591750
2019-07-24,174856346
2019-07-25,167432627
2019-07-26,258505004
2019-07-27,49817071
2019-07-28,24871658
2019-07-29,209248077
2019-07-30,195552774
2019-07-31,1062354899
2019-08-01,163297169
2019-08-02,168481025
2019-08-03,39152301
2019-08-04,19080341
2019-08-05,181119658
2019-08-06,160557736
2019-08-07,176084845
2019-08-08,169498652
2019-08-09,244931433
2019-08-10,69372255
2019-08-11,23873095
2019-08-12,205970730
2019-08-13,178089097
2019-08-14,208889072
2019-08-15,63149939
2019-08-16,198266002
2019-08-17,51982202
2019-08-18,26037723
2019-08-19,183213733
2019-08-20,176824135
2019-08-21,176105658
2019-08-22,172273301
2019-08-23,234566922
2019-08-24,53112915
2019-08-25,24152160
2019-08-26,211877959
2019-08-27,177333069
2019-08-28,176160443
2019-08-29,199807616
2019-08-30,340592894
2019-08-31,767686098
2019-09-01,14098543
2019-09-02,159626883
2019-09-03,149501242
2019-09-04,159692195
2019-09-05,192193006
2019-09-06,238592856
2019-09-07,54489137
2019-09-08,24003752
2019-09-09,184378973
2019-09-10,190590438
2019-09-11,130012216
2019-09-12,183902926
2019-09-13,254714751
2019-09-14,59273060
2019-09-15,65943445
2019-09-16,204911269
2019-09-17,179030496
2019-09-18,176402123
2019-09-19,190973071
2019-09-20,261167991
2019-09-21,54939754
2019-09-22,24134802
2019-09-23,215327422
2019-09-24,165858441
2019-09-25,197307441
2019-09-26,209639479
2019-09-27,272215274
2019-09-28,51549388
2019-09-29,27781308
2019-09-30,1046470112
2019-10-01,166566240
2019-10-02,149319546
2019-10-03,176553068
2019-10-04,248413837
2019-10-05,54132846
2019-10-06,25806723
2019-10-07,208759526
2019-10-08,173667882
2019-10-09,189819847
2019-10-10,219539891
2019-10-11,257773400
2019-10-12,45012130
2019-10-13,25129806
2019-10-14,209799739
2019-10-15,248979207
2019-10-16,195402982
2019-10-17,198091218
2019-10-18,237404079
2019-10-19,59126928
2019-10-20,36149715
2019-10-21,210661439
2019-10-22,186839976
2019-10-23,192512438
2019-10-24,192976042
2019-10-25,262138858
2019-10-26,59634588
2019-10-27,27215323
2019-10-28,225083159
2019-10-29,214439918
2019-10-30,220980953
2019-10-31,1193259432
2019-11-01,31700350
2019-11-02,34174409
2019-11-03,21345435
2019-11-04,171933192
2019-11-05,178219701
2019-11-06,197712699
2019-11-07,208798583
2019-11-08,263309902
2019-11-09,63793882
2019-11-10,36099449
2019-11-11,224673053
2019-11-12,211656170
2019-11-13,191589475
2019-11-14,188585837
2019-11-15,333080096
2019-11-16,62289892
2019-11-17,30753989
2019-11-18,243438841
2019-11-19,182801012
2019-11-20,204976170
2019-11-21,206953894
2019-11-22,264899979
2019-11-23,57652872
2019-11-24,27371607
2019-11-25,237664290
2019-11-26,194921457
2019-11-27,208347756
2019-11-28,215900195
2019-11-29,380929650
2019-11-30,805109883
2019-12-01,23355464
2019-12-02,199106250
2019-12-03,165954109
2019-12-04,208366047
2019-12-05,239259069
2019-12-06,61454512
2019-12-07,59038373
2019-12-08,24683796
2019-12-09,157940380
2019-12-10,244645069
2019-12-11,225570966
2019-12-12,211053993
2019-12-13,288971521
2019-12-14,66359531
2019-12-15,74498317
2019-12-16,268578017
2019-12-17,213876320
2019-12-18,227435949
2019-12-19,220031438
2019-12-20,301532019
2019-12-21,67463956
2019-12-22,31957282
2019-12-23,229047481
2019-12-24,114646685
2019-12-25,9388306
2019-12-26,172146394
2019-12-27,250586709
2019-12-28,56863029
2019-12-29,31036823
2019-12-30,240785944
2019-12-31,994093202
2020-01-01,12720873
2020-01-02,134922406
2020-01-03,185598652
2020-01-04,45667937
2020-01-05,16899462
2020-01-06,19122339
2020-01-07,172708052
2020-01-08,170589628
2020-01-09,179583127
2020-01-10,247785087
2020-01-11,55703000
2020-01-12,26990214
2020-01-13,202489422
2020-01-14,149304229
2020-01-15,244493557
2020-01-16,103432578
2020-01-17,251807577
2020-01-18,57291756
2020-01-19,24676003
2020-01-20,204941241
2020-01-21,162636753
2020-01-22,169125794
2020-01-23,177296421
2020-01-24,247176741
2020-01-25,56897794
2020-01-26,31382051
2020-01-27,200478467
2020-01-28,191797863
2020-01-29,181187467
2020-01-30,186926409
2020-01-31,1162173357
2020-02-01,29335009
2020-02-02,16744494
2020-02-03,147355571
2020-02-04,147346572
2020-02-05,159861258
2020-02-06,178317481
2020-02-07,246788801
2020-02-08,60839910
2020-02-09,30014317
2020-02-10,193070734
2020-02-11,170418844
2020-02-12,180722944
2020-02-13,204248476
2020-02-14,270877535
2020-02-15,101352086
2020-02-16,29242000
2020-02-17,202968498
2020-02-18,170866148
2020-02-19,163737209
2020-02-20,188254290
2020-02-21,265287097
2020-02-22,58319170
2020-02-23,26478286
2020-02-24,195713031
2020-02-25,176292218
2020-02-26,202866484
2020-02-27,197702369
2020-02-28,381067954
2020-02-29,787686158
2020-03-01,15497262
2020-03-02,175027768
2020-03-03,156528590
2020-03-04,172545026
2020-03-05,186624682
2020-03-06,250005141
2020-03-07,58897787
2020-03-08,29796092
2020-03-09,202337548
2020-03-10,204148047
2020-03-11,184680610
2020-03-12,227828216
2020-03-13,277088832
2020-03-14,76524732
2020-03-15,77206260
2020-03-16,230106987
2020-03-17,211216524
2020-03-18,221221951
2020-03-19,175267084
2020-03-20,287160599
2020-03-21,69744552
2020-03-22,35304796
2020-03-23,226021722
2020-03-24,211052071
2020-03-25,198552838
2020-03-26,184041560
2020-03-27,250501965
2020-03-28,53062949
2020-03-29,31961855
2020-03-30,206299907
2020-03-31,1054539106
2020-04-01,170391001
2020-04-02,160157066
2020-04-03,202700858
2020-04-04,43104920
2020-04-05,22861166
2020-04-06,192073174
2020-04-07,178208370
2020-04-08,179886875
2020-04-09,103446692
2020-04-10,45304859
2020-04-11,53482926
2020-04-12,29941565
2020-04-13,135249616
2020-04-14,188086018
2020-04-15,245114941
2020-04-16,198262529
2020-04-17,238112081
2020-04-18,53644929
2020-04-19,24218394
2020-04-20,184929281
2020-04-21,172329565
2020-04-22,168088213
2020-04-23,161037797
2020-04-24,234746691
2020-04-25,48823104
2020-04-26,27092821
2020-04-27,193304017
2020-04-28,180895683
2020-04-29,176117193
2020-04-30,981208089
2020-05-01,19043492
2020-05-02,28007319
2020-05-03,16775885
2020-05-04,144263526
2020-05-05,148797541
2020-05-06,173333076
2020-05-07,172903258
2020-05-08,223044294
2020-05-09,55385016
2020-05-10,31191122
2020-05-11,189804471
2020-05-12,173841414
2020-05-13,159742603
2020-05-14,176117108
2020-05-15,252280277
2020-05-16,51778891
2020-05-17,27643825
2020-05-18,206929228
2020-05-19,163281668
2020-05-20,167750720
2020-05-21,175655747
2020-05-22,220077434
2020-05-23,50449469
2020-05-24,23457108
2020-05-25,177005452
2020-05-26,162683037
2020-05-27,166258682
2020-05-28,176792775
2020-05-29,323028472
2020-05-30,91457214
2020-05-31,616312380
2020-06-01,128552117
2020-06-02,139823875
2020-06-03,155471307
2020-06-04,163699813
2020-06-05,213199808
2020-06-06,50618626
2020-06-07,26147819
2020-06-08,184135420
2020-06-09,157085283
2020-06-10,170273285
2020-06-11,170036456
2020-06-12,225516918
2020-06-13,49217550
2020-06-14,25450784
2020-06-15,240314787
2020-06-16,174179725
2020-06-17,171834159
2020-06-18,167959696
2020-06-19,230163678
2020-06-20,64792818
2020-06-21,25653023
2020-06-22,191565308
2020-06-23,162861894
2020-06-24,103327644
2020-06-25,190296321
2020-06-26,234766525
2020-06-27,52261972
2020-06-28,29428427
2020-06-29,200252193
2020-06-30,968818793
2020-07-01,136051157
2020-07-02,137802392
2020-07-03,206879674
2020-07-04,41995857
2020-07-05,22774481
2020-07-06,174175155
2020-07-07,173396877
2020-07-08,163983070
2020-07-09,163471183
2020-07-10,239217917
2020-07-11,51782497
2020-07-12,24860527
2020-07-13,190186015
2020-07-14,172961776
2020-07-15,233443162
2020-07-16,168848540
2020-07-17,233446286
2020-07-18,55387016
2020-07-19,25772932
2020-07-20,182083592
2020-07-21,164905566
2020-07-22,167987106
2020-07-23,165637100
2020-07-24,233241375
2020-07-25,63384789
2020-07-26,24388679
2020-07-27,183338569
2020-07-28,151142347
2020-07-29,176798275
2020-07-30,192752973
2020-07-31,1054489462
2020-08-01,28154644
2020-08-02,14963237
2020-08-03,133007255
2020-08-04,137302635
2020-08-05,169426088
2020-08-06,150808858
2020-08-07,219492741
2020-08-08,53943971
2020-08-09,24026899
2020-08-10,185555336
2020-08-11,153892484
2020-08-12,166396527
2020-08-13,159843993
2020-08-14,225184595
2020-08-15,75212098
2020-08-16,26912291
2020-08-17,185538793
2020-08-18,149246979
2020-08-19,155755760
2020-08-20,160133161
2020-08-21,223280428
2020-08-22,50356946
2020-08-23,25363673
2020-08-24,183264593
2020-08-25,160098942
2020-08-26,158501906
2020-08-27,166623394
2020-08-28,229178226
2020-08-29,44284286
2020-08-30,29333259
2020-08-31,954028039
2020-09-01,145067734
2020-09-02,145876310
2020-09-03,177133894
2020-09-04,211633262
2020-09-05,45735595
2020-09-06,25554566
2020-09-07,170723333
2020-09-08,155093618
2020-09-09,168563406
2020-09-10,214112398
2020-09-11,180717922
2020-09-12,53958731
2020-09-13,27836213
2020-09-14,184265366
2020-09-15,224595332
2020-09-16,178056184
2020-09-17,181829013
2020-09-18,239446092
2020-09-19,55067936
2020-09-20,33530970
2020-09-21,178667918
2020-09-22,182890738
2020-09-23,179231756
2020-09-24,202439218
2020-09-25,250967929
2020-09-26,49441676
2020-09-27,31615894
2020-09-28,213817379
2020-09-29,182165820
2020-09-30,1076117878
2020-10-01,153168760
2020-10-02,183952275
2020-10-03,39177566
2020-10-04,22795383
2020-10-05,179858926
2020-10-06,184434205
2020-10-07,195289649
2020-10-08,200712022
2020-10-09,238994867
2020-10-10,73151110
2020-10-11,19419493
2020-10-12,32200606
2020-10-13,227436761
2020-10-14,206885812
2020-10-15,251498655
2020-10-16,280543623
2020-10-17,56448004
2020-10-18,26641832
2020-10-19,217015306
2020-10-20,210769754
2020-10-21,190993693
2020-10-22,192809441
2020-10-23,257696875
2020-10-24,55247076
2020-10-25,29916175
2020-10-26,222061571
2020-10-27,188703341
2020-10-28,216160841
2020-10-29,216497514
2020-10-30,410443571
2020-10-31,765016949
2020-11-01,14610744
2020-11-02,100615145
2020-11-03,163764465
2020-11-04,176525786
2020-11-05,207991879
2020-11-06,254421323
2020-11-07,56627906
2020-11-08,26114023
2020-11-09,219556026
2020-11-10,201954803
2020-11-11,184684074
2020-11-12,194359416
2020-11-13,283989863
2020-11-14,61344122
2020-11-15,65742728
2020-11-16,211495330
2020-11-17,186234101
2020-11-18,203954150
2020-11-19,190270049
2020-11-20,293271156
2020-11-21,55598948
2020-11-22,26239367
2020-11-23,204270629
2020-11-24,181357015
2020-11-25,186436630
2020-11-26,196193555
2020-11-27,253896425
2020-11-28,50674245
2020-11-29,27206543
2020-11-30,1064448587
2020-12-01,175728948
2020-12-02,187575017
2020-12-03,198720971
2020-12-04,266946172
2020-12-05,59739747
2020-12-06,28414085
2020-12-07,125807954
2020-12-08,40266959
2020-12-09,240485634
2020-12-10,241776806
2020-12-11,276597301
2020-12-12,65253838
2020-12-13,30265930
2020-12-14,232829538
2020-12-15,265515978
2020-12-16,214416342
2020-12-17,205090957
2020-12-18,284617709
2020-12-19,72040678
2020-12-20,39250810
2020-12-21,266490628
2020-12-22,228155418
2020-12-23,218544294
2020-12-24,150343954
2020-12-25,17856600
2020-12-26,45052141
2020-12-27,39808957
2020-12-28,232043943
2020-12-29,210221309
2020-12-30,245051528
2020-12-31,895786616
2021-01-01,7938777
2021-01-02,29248556
2021-01-03,17335222
2021-01-04,145355169
2021-01-05,150755360
2021-01-06,9910353
2021-01-07,159042100
2021-01-08,208616170
2021-01-09,45916295
2021-01-10,39039200
2021-01-11,175707154
2021-01-12,162686321
2021-01-13,155675706
2021-01-14,141534269
2021-01-15,291983797
2021-01-16,62036989
2021-01-17,37664135
2021-01-18,210084604
2021-01-19,183008761
2021-01-20,192693804
2021-01-21,186213603
2021-01-22,241894265
2021-01-23,59302722
2021-01-24,35168103
2021-01-25,213486003
2021-01-26,181492356
2021-01-27,185023053
2021-01-28,190851725
2021-01-29,342493675
2021-01-30,103952439
2021-01-31,712419339
2021-02-01,136550233
2021-02-02,146070204
2021-02-03,153439556
2021-02-04,169706974
2021-02-05,260083882
2021-02-06,53873848
2021-02-07,36122956
2021-02-08,204684306
2021-02-09,165597734
2021-02-10,192207214
2021-02-11,171744946
2021-02-12,244152375
2021-02-13,55841640
2021-02-14,37620155
2021-02-15,256879838
2021-02-16,169774313
2021-02-17,187965290
2021-02-18,171584855
2021-02-19,239457845
2021-02-20,64598369
2021-02-21,34470344
2021-02-22,197743638
2021-02-23,175147877
2021-02-24,193755500
2021-02-25,189445739
2021-02-26,353641068
2021-02-27,86084496
2021-02-28,740128770
2021-03-01,124880328
2021-03-02,146259876
2021-03-03,167947063
2021-03-04,169734812
2021-03-05,255319195
2021-03-06,55585812
2021-03-07,37596015
2021-03-08,201730364
2021-03-09,170339815
2021-03-10,199943348
2021-03-11,189833330
2021-03-12,271331235
2021-03-13,59056004
2021-03-14,36300851
2021-03-15,285689231
2021-03-16,192640185
2021-03-17,192523392
2021-03-18,201966817
2021-03-19,198192969
2021-03-20,69749706
2021-03-21,35224398
2021-03-22,205242290
2021-03-23,194914501
2021-03-24,197222233
2021-03-25,206878077
2021-03-26,286443198
2021-03-27,65701945
2021-03-28,38109802
2021-03-29,238950582
2021-03-30,232102397
2021-03-31,1191566364
2021-04-01,88521503
2021-04-02,15057624
2021-04-03,30550651
2021-04-04,19824552
2021-04-05,123720693
2021-04-06,185527112
2021-04-07,193234081
2021-04-08,196090724
2021-04-09,266132380
2021-04-10,78085380
2021-04-11,35763707
2021-04-12,216346005
2021-04-13,190272773
2021-04-14,189089515
2021-04-15,291076758
2021-04-16,274455517
2021-04-17,56829486
2021-04-18,36595744
2021-04-19,208345212
2021-04-20,190431336
2021-04-21,202052055
2021-04-22,210728495
2021-04-23,236907452
2021-04-24,53460194
2021-04-25,44044737
2021-04-26,222389794
2021-04-27,193771031
2021-04-28,201556069
2021-04-29,214085954
2021-04-30,1150564563
2021-05-01,15487318
2021-05-02,15977564
2021-05-03,151569697
2021-05-04,152368277
2021-05-05,172216250
2021-05-06,185706930
2021-05-07,271649638
2021-05-08,58905305
2021-05-09,33958964
2021-05-10,210690013
2021-05-11,195384774
2021-05-12,186595147
2021-05-13,185432669
2021-05-14,289859662
2021-05-15,118596597
2021-05-16,39505569
2021-05-17,209800186
2021-05-18,198575148
2021-05-19,196995872
2021-05-20,201782450
2021-05-21,254860126
2021-05-22,59739275
2021-05-23,36106985
2021-05-24,184805762
2021-05-25,204104158
2021-05-26,188015452
2021-05-27,194029950
2021-05-28,273477925
2021-05-29,56822540
2021-05-30,42455200
2021-05-31,1102894310
2021-06-01,155510933
2021-06-02,156997373
2021-06-03,161537651
2021-06-04,235903680
2021-06-05,61618187
2021-06-06,32582617
2021-06-07,186536385
2021-06-08,184563733
2021-06-09,172224352
2021-06-10,251525339
2021-06-11,274357143
2021-06-12,63589739
2021-06-13,40812880
2021-06-14,196422527
2021-06-15,275170853
2021-06-16,195702457
2021-06-17,193651565
2021-06-18,257987726
2021-06-19,60105221
2021-06-20,45969443
2021-06-21,211279379
2021-06-22,186769406
2021-06-23,192631816
2021-06-24,131311346
2021-06-25,247611721
2021-06-26,54382187
2021-06-27,39764896
2021-06-28,203106177
2021-06-29,204107754
2021-06-30,1142719424
2021-07-01,163903974
2021-07-02,187838139
2021-07-03,41237920
2021-07-04,24266701
2021-07-05,186648689
2021-07-06,169133021
2021-07-07,180274290
2021-07-08,188621076
2021-07-09,259206091
2021-07-10,77821166
2021-07-11,38240968
2021-07-12,199483740
2021-07-13,184531024
2021-07-14,195415415
2021-07-15,259485926
2021-07-16,263205466
2021-07-17,58506269
2021-07-18,34868890
2021-07-19,205404486
2021-07-20,187444202
2021-07-21,182545416
2021-07-22,182517155
2021-07-23,282570620
2021-07-24,58295084
2021-07-25,39096599
2021-07-26,198909930
2021-07-27,203640585
2021-07-28,204626752
2021-07-29,198662393
2021-07-30,386361342
2021-07-31,814035725
2021-08-01,18627383
2021-08-02,154052697
2021-08-03,149753622
2021-08-04,165948094
2021-08-05,169370833
2021-08-06,250253440
2021-08-07,54409201
2021-08-08,35693572
2021-08-09,189692650
2021-08-10,189681985
2021-08-11,175382943
2021-08-12,180467262
2021-08-13,245817363
2021-08-14,63747392
2021-08-15,78867161
2021-08-16,145748121
2021-08-17,177738528
2021-08-18,181516005
2021-08-19,174856947
2021-08-20,244227839
2021-08-21,57254646
2021-08-22,33829533
2021-08-23,199761389
2021-08-24,177834089
2021-08-25,177901065
2021-08-26,178654050
2021-08-27,259851515
2021-08-28,57263093
2021-08-29,39787699
2021-08-30,225349692
2021-08-31,1111214164
2021-09-01,154488628
2021-09-02,151998142
2021-09-03,214641461
2021-09-04,47104425
2021-09-05,29878567
2021-09-06,198093371
2021-09-07,183623719
2021-09-08,162451061
2021-09-09,207576196
2021-09-10,256437382
2021-09-11,55738577
2021-09-12,37091309
2021-09-13,210165424
2021-09-14,188768244
2021-09-15,283985814
2021-09-16,207835766
2021-09-17,271741506
2021-09-18,63506964
2021-09-19,35637630
2021-09-20,221898448
2021-09-21,205889665
2021-09-22,205334285
2021-09-23,195732499
2021-09-24,255319843
2021-09-25,63654681
2021-09-26,38225532
2021-09-27,229725749
2021-09-28,202663248
2021-09-29,218335428
2021-09-30,1229552560
2021-10-01,194558243
2021-10-02,33883278
2021-10-03,22374914
2021-10-04,171951539
2021-10-05,182117809
2021-10-06,209848835
2021-10-07,214132133
2021-10-08,270109370
2021-10-09,73961924
2021-10-10,47423702
2021-10-11,199408925
2021-10-12,33795766
2021-10-13,224752470
2021-10-14,225633748
2021-10-15,354436441
2021-10-16,66598080
2021-10-17,38057791
2021-10-18,226688901
2021-10-19,197037048
2021-10-20,230375758
2021-10-21,211709928
2021-10-22,290976192
2021-10-23,66281120
2021-10-24,35971982
2021-10-25,228442497
2021-10-26,223600407
2021-10-27,232885999
2021-10-28,247743063
2021-10-29,431251698
2021-10-30,144382350
2021-10-31,805648143
2021-11-01,21597220
2021-11-02,193588511
2021-11-03,194083099
2021-11-04,209291938
2021-11-05,344444237
2021-11-06,69868917
2021-11-07,38227884
2021-11-08,263392656
2021-11-09,217252072
2021-11-10,251143578
2021-11-11,224766857
2021-11-12,303551511
2021-11-13,69894740
2021-11-14,40452531
2021-11-15,321655536
2021-11-16,224409145
2021-11-17,229802474
2021-11-18,224606114
2021-11-19,315680654
2021-11-20,80642431
2021-11-21,38205854
2021-11-22,258996269
2021-11-23,215136832
2021-11-24,220774398
2021-11-25,223961800
2021-11-26,303447379
2021-11-27,72133970
2021-11-28,39481973
2021-11-29,278837049
2021-11-30,1234630915
2021-12-01,193894180
2021-12-02,203142795
2021-12-03,265026226
2021-12-04,64830232
2021-12-05,25382338
2021-12-06,38184597
2021-12-07,235260478
2021-12-08,43686111
2021-12-09,266493232
2021-12-10,315001878
2021-12-11,70351111
2021-12-12,39093177
2021-12-13,271013003
2021-12-14,246227827
2021-12-15,371539391
2021-12-16,274945725
2021-12-17,330776879
2021-12-18,101172505
2021-12-19,44993250
2021-12-20,232939516
2021-12-21,231787656
2021-12-22,229324909
2021-12-23,230862919
2021-12-24,164457479
2021-12-25,24789467
2021-12-26,42031033
2021-12-27,221959561
2021-12-28,217542824
2021-12-29,243105710
2021-12-30,276166620
2021-12-31,1046528804
2022-01-01,2821485
2022-01-02,20243279
2022-01-03,160478408
2022-01-04,160919270
2022-01-05,154192971
2022-01-06,20177910
2022-01-07,219774066
2022-01-08,59631256
2022-01-09,37945622
2022-01-10,220056504
2022-01-11,188450683
2022-01-12,161285932
2022-01-13,198217326
2022-01-14,274928598
2022-01-15,121155584
2022-01-16,40796512
2022-01-17,228845662
2022-01-18,197367269
2022-01-19,207853273
2022-01-20,220766595
2022-01-21,264797958
2022-01-22,65547819
2022-01-23,38038485
2022-01-24,234198939
2022-01-25,203401571
2022-01-26,207447566
2022-01-27,210935305
2022-01-28,292753965
2022-01-29,62178322
2022-01-30,41072691
2022-01-31,1257556081
2022-02-01,169486037
2022-02-02,160248975
2022-02-03,195962640
2022-02-04,257695610
2022-02-05,55176606
2022-02-06,36123124
2022-02-07,238802163
2022-02-08,207258299
2022-02-09,191339426
2022-02-10,218036342
2022-02-11,297227602
2022-02-12,65469117
2022-02-13,44026315
2022-02-14,223633825
2022-02-15,292257533
2022-02-16,203165646
2022-02-17,208396235
2022-02-18,273720706
2022-02-19,66082378
2022-02-20,47047924
2022-02-21,233118945
2022-02-22,214991112
2022-02-23,221988381
2022-02-24,229478716
2022-02-25,312001797
2022-02-26,59974015
2022-02-27,38251785
2022-02-28,1208301177
2022-03-01,177159524
2022-03-02,174650304
2022-03-03,195621317
2022-03-04,279894124
2022-03-05,60766219
2022-03-06,41276127
2022-03-07,234313600
2022-03-08,226631057
2022-03-09,238105044
2022-03-10,266120996
2022-03-11,329246376
2022-03-12,87371513
2022-03-13,48842438
2022-03-14,229610460
2022-03-15,278243211
2022-03-16,201490396
2022-03-17,177692355
2022-03-18,251514980
2022-03-19,69182603
2022-03-20,51940720
2022-03-21,203262265
2022-03-22,195477775
2022-03-23,214988600
2022-03-24,211328720
2022-03-25,305248132
2022-03-26,73311225
2022-03-27,44777912
2022-03-28,240178167
2022-03-29,238408015
2022-03-30,276982689
2022-03-31,1442770665
2022-04-01,232492984
2022-04-02,41723396
2022-04-03,26820772
2022-04-04,219580732
2022-04-05,240477165
2022-04-06,230781080
2022-04-07,251179285
2022-04-08,336115547
2022-04-09,89941224
2022-04-10,59123542
2022-04-11,276522264
2022-04-12,277985624
2022-04-13,285167302
2022-04-14,130549347
2022-04-15,110244667
2022-04-16,68847065
2022-04-17,40001374
2022-04-18,188014873
2022-04-19,252613791
2022-04-20,263229131
2022-04-21,239833506
2022-04-22,326637510
2022-04-23,70065057
2022-04-24,47516352
2022-04-25,252229342
2022-04-26,251770501
2022-04-27,257842628
2022-04-28,273561757
2022-04-29,494280351
2022-04-30,1029704533
2022-05-01,20818882
2022-05-02,136375151
2022-05-03,212410113
2022-05-04,213990206
2022-05-05,242952980
2022-05-06,298348472
2022-05-07,74662600
2022-05-08,44594437
2022-05-09,253618388
2022-05-10,255210063
2022-05-11,248679698
2022-05-12,254134819
2022-05-13,312919666
2022-05-14,87043444
2022-05-15,105487664
2022-05-16,247798226
2022-05-17,248298475
2022-05-18,235965901
2022-05-19,225566075
2022-05-20,319646584
2022-05-21,73681567
2022-05-22,53979044
2022-05-23,255841268
2022-05-24,230627255
2022-05-25,233121405
2022-05-26,236211446
2022-05-27,316105793
2022-05-28,70581872
2022-05-29,46376975
2022-05-30,289314775
2022-05-31,1377856739
2022-06-01,226614333
2022-06-02,191828707
2022-06-03,257376737
2022-06-04,62493137
2022-06-05,44941913
2022-06-06,189480144
2022-06-07,231980866
2022-06-08,256320562
2022-06-09,234342626
2022-06-10,333797486
2022-06-11,78442494
2022-06-12,45437632
2022-06-13,263831860
2022-06-14,233884383
2022-06-15,327529004
2022-06-16,244215162
2022-06-17,314600418
2022-06-18,78680516
2022-06-19,49973412
2022-06-20,274634541
2022-06-21,250512368
2022-06-22,272975823
2022-06-23,294919845
2022-06-24,230924363
2022-06-25,80221358
2022-06-26,50481317
2022-06-27,296313663
2022-06-28,288735504
2022-06-29,271285949
2022-06-30,1550352958
2022-07-01,219350513
2022-07-02,42956528
2022-07-03,29590425
2022-07-04,211925139
2022-07-05,219099264
2022-07-06,201636922
2022-07-07,248451205
2022-07-08,300124141
2022-07-09,78587178
2022-07-10,58134907
2022-07-11,252884428
2022-07-12,228241621
2022-07-13,248287005
2022-07-14,245777924
2022-07-15,384840695
2022-07-16,77421372
2022-07-17,49490182
2022-07-18,240004102
2022-07-19,235376923
2022-07-20,242982926
2022-07-21,219161452
2022-07-22,295603670
2022-07-23,74798052
2022-07-24,43247941
2022-07-25,216599028
2022-07-26,240755518
2022-07-27,269429768
2022-07-28,263931715
2022-07-29,459236128
2022-07-30,129482230
2022-07-31,907989740
2022-08-01,211146527
2022-08-02,183081965
2022-08-03,198699788
2022-08-04,216228696
2022-08-05,314479529
2022-08-06,75400778
2022-08-07,45351888
2022-08-08,262702506
2022-08-09,219328297
2022-08-10,247886156
2022-08-11,234381693
2022-08-12,301355493
2022-08-13,85408741
2022-08-14,40300678
2022-08-15,98380964
2022-08-16,262794753
2022-08-17,237178576
2022-08-18,243719200
2022-08-19,291413268
2022-08-20,79363967
2022-08-21,47562997
2022-08-22,257052359
2022-08-23,218580540
2022-08-24,241990605
2022-08-25,227849010
2022-08-26,335049226
2022-08-27,74171210
2022-08-28,47124414
2022-08-29,265619496
2022-08-30,275502531
2022-08-31,1424828563
2022-09-01,210434014
2022-09-02,223265749
2022-09-03,47156501
2022-09-04,32467691
2022-09-05,228537877
2022-09-06,222466320
2022-09-07,234003589
2022-09-08,230902176
2022-09-09,321378644
2022-09-10,86830621
2022-09-11,46025598
2022-09-12,262834355
2022-09-13,252234681
2022-09-14,254501861
2022-09-15,348625564
2022-09-16,338282159
2022-09-17,80682393
2022-09-18,44135963
2022-09-19,284529169
2022-09-20,264651277
2022-09-21,262606732
2022-09-22,250827799
2022-09-23,329280863
2022-09-24,73674295
2022-09-25,51151440
2022-09-26,268439381
2022-09-27,291474221
2022-09-28,262571243
2022-09-29,276727773
2022-09-30,1566613721
2022-10-01,52497744
2022-10-02,18941271
2022-10-03,260098626
2022-10-04,201494530
2022-10-05,233167037
2022-10-06,275141721
2022-10-07,349357881
2022-10-08,85359449
2022-10-09,51723686
2022-10-10,306232153
2022-10-11,264314668
2022-10-12,38592843
2022-10-13,286541541
2022-10-14,340577850
2022-10-15,156884070
2022-10-16,65742548
2022-10-17,309735548
2022-10-18,271651859
2022-10-19,267366357
2022-10-20,289840660
2022-10-21,358407849
2022-10-22,77575462
2022-10-23,49951142
2022-10-24,305048929
2022-10-25,303876858
2022-10-26,290137909
2022-10-27,296542943
2022-10-28,391941962
2022-10-29,78866501
2022-10-30,63223738
2022-10-31,1508200609
2022-11-01,28649077
2022-11-02,253514908
2022-11-03,226738047
2022-11-04,318555321
2022-11-05,78552627
2022-11-06,48222071
2022-11-07,280559863
2022-11-08,274784132
2022-11-09,293863987
2022-11-10,334211634
2022-11-11,386664258
2022-11-12,108740359
2022-11-13,57943959
2022-11-14,289406629
2022-11-15,398108413
2022-11-16,284803881
2022-11-17,268447659
2022-11-18,343575610
2022-11-19,84170078
2022-11-20,58725670
2022-11-21,283189392
2022-11-22,248771132
2022-11-23,253396095
2022-11-24,261930727
2022-11-25,368794955
2022-11-26,80122303
2022-11-27,57758202
2022-11-28,306062347
2022-11-29,300021921
2022-11-30,1596926000
2022-12-01,258303032
2022-12-02,292215245
2022-12-03,62794644
2022-12-04,37307130
2022-12-05,272514078
2022-12-06,60718955
2022-12-07,290595484
2022-12-08,48980946
2022-12-09,342938991
2022-12-10,94804099
2022-12-11,55454520
2022-12-12,366499648
2022-12-13,294739201
2022-12-14,289375267
2022-12-15,430622114
2022-12-16,398050596
2022-12-17,102878078
2022-12-18,54519617
2022-12-19,331777033
2022-12-20,298906378
2022-12-21,294863695
2022-12-22,268354860
2022-12-23,340339463
2022-12-24,70140379
2022-12-25,44225084
2022-12-26,72722563
2022-12-27,285434828
2022-12-28,283383407
2022-12-29,279070576
2022-12-30,506882196
2022-12-31,1067423035
2023-01-01,7590562
2023-01-02,121292395
2023-01-03,181833498
2023-01-04,193423664
2023-01-05,253998585
2023-01-06,40114226
2023-01-07,68261348
2023-01-08,49855415
2023-01-09,230558628
2023-01-10,229298040
2023-01-11,236513920
2023-01-12,229285420
2023-01-13,302458891
2023-01-14,94571296
2023-01-15,119961093
2023-01-16,272843154
2023-01-17,239241603
2023-01-18,248123488
2023-01-19,231140482
2023-01-20,323120905
2023-01-21,77744275
2023-01-22,53805604
2023-01-23,261603051
2023-01-24,269353453
2023-01-25,274875050
2023-01-26,246383551
2023-01-27,312240936
2023-01-28,75975037
2023-01-29,56087618
2023-01-30,290831651
2023-01-31,1395884932
2023-02-01,206407204
2023-02-02,219290715
2023-02-03,266898957
2023-02-04,65721075
2023-02-05,41934875
2023-02-06,248009772
2023-02-07,255030832
2023-02-08,237769060
2023-02-09,257770456
2023-02-10,359951238
2023-02-11,83081143
2023-02-12,53090589
2023-02-13,264662533
2023-02-14,255379299
2023-02-15,346258776
2023-02-16,261313825
2023-02-17,322458457
2023-02-18,79870170
2023-02-19,53137403
2023-02-20,298104819
2023-02-21,231815468
2023-02-22,275521927
2023-02-23,263268358
2023-02-24,347544603
2023-02-25,82605780
2023-02-26,51717812
2023-02-27,312310299
2023-02-28,1338419027
2023-03-01,209481951
2023-03-02,217489348
2023-03-03,272193644
2023-03-04,62245317
2023-03-05,39916991
2023-03-06,270171456
2023-03-07,249482025
2023-03-08,255265409
2023-03-09,266786415
2023-03-10,356168076
2023-03-11,89873636
2023-03-12,54063863
2023-03-13,272827723
2023-03-14,258632810
2023-03-15,358872599
2023-03-16,287503669
2023-03-17,337203183
2023-03-18,81412701
2023-03-19,50466472
2023-03-20,280908443
2023-03-21,239788558
2023-03-22,268339723
2023-03-23,265529276
2023-03-24,339894141
2023-03-25,86157683
2023-03-26,49293483
2023-03-27,291821849
2023-03-28,282320386
2023-03-29,273741447
2023-03-30,332260303
2023-03-31,1639652954
2023-04-01,41476974
2023-04-02,22692043
2023-04-03,245154972
2023-04-04,234768809
2023-04-05,263401099
2023-04-06,141643759
2023-04-07,43424738
2023-04-08,73829910
2023-04-09,46493099
2023-04-10,210051095
2023-04-11,263212792
2023-04-12,267666177
2023-04-13,277582006
2023-04-14,366718231
2023-04-15,153442985
2023-04-16,55569320
2023-04-17,267001177
2023-04-18,281740102
2023-04-19,276569126
2023-04-20,272114932
2023-04-21,353745766
2023-04-22,82041308
2023-04-23,48786218
2023-04-24,290754754
2023-04-25,292991790
2023-04-26,281482347
2023-04-27,283580495
2023-04-28,536594052
2023-04-29,125501872
2023-04-30,968356346
2023-05-01,42272404
2023-05-02,214835732
2023-05-03,229010869
2023-05-04,255072549
2023-05-05,344049203
2023-05-06,81609716
2023-05-07,49311133
2023-05-08,278788968
2023-05-09,282199727
2023-05-10,297138376
2023-05-11,270947713
2023-05-12,339120195
2023-05-13,88115093
2023-05-14,53236108
2023-05-15,368224007
2023-05-16,270220543
2023-05-17,253018964
2023-05-18,267652162
2023-05-19,321513569
2023-05-20,91618161
2023-05-21,46347386
2023-05-22,303220826
2023-05-23,260571081
2023-05-24,267487327
2023-05-25,295940573
2023-05-26,355921805
2023-05-27,79676977
2023-05-28,53335580
2023-05-29,276748019
2023-05-30,325809068
2023-05-31,1520281876
2023-06-01,214862028
2023-06-02,255271486
2023-06-03,54006280
2023-06-04,37037984
2023-06-05,257047757
2023-06-06,249820201
2023-06-07,271027267
2023-06-08,241324980
2023-06-09,319451355
2023-06-10,93233781
2023-06-11,52400248
2023-06-12,283023215
2023-06-13,265974268
2023-06-14,257890642
2023-06-15,338734526
2023-06-16,350691731
2023-06-17,83688574
2023-06-18,53705834
2023-06-19,277556353
2023-06-20,285482835
2023-06-21,310170749
2023-06-22,273244312
2023-06-23,309485900
2023-06-24,70497324
2023-06-25,50721880
2023-06-26,294952850
2023-06-27,273681923
2023-06-28,279768596
2023-06-29,270528985
2023-06-30,1613040462
2023-07-01,31339437
2023-07-02,21163236
2023-07-03,219004650
2023-07-04,214425370
2023-07-05,231801578
2023-07-06,246924609
2023-07-07,325187801
2023-07-08,83631932
2023-07-09,44947983
2023-07-10,281750131
2023-07-11,278022165
2023-07-12,264818392
2023-07-13,249809048
2023-07-14,345208399
2023-07-15,138265999
2023-07-16,50877804
2023-07-17,278968073
2023-07-18,252953909
2023-07-19,251448017
2023-07-20,272481343
2023-07-21,330264552
2023-07-22,82237322
2023-07-23,45750741
2023-07-24,292754869
2023-07-25,249243239
2023-07-26,272342559
2023-07-27,288582833
2023-07-28,353919705
2023-07-29,77573702
2023-07-30,46731520
2023-07-31,1403993592
2023-08-01,208809757
2023-08-02,246016122
2023-08-03,221149198
2023-08-04,305411868
2023-08-05,70876704
2023-08-06,45652230
2023-08-07,264299532
2023-08-08,239267583
2023-08-09,251562567
2023-08-10,259932276
2023-08-11,345963463
2023-08-12,90043243
2023-08-13,48457376
2023-08-14,232480951
2023-08-15,97785996
2023-08-16,247749502
2023-08-17,246533031
2023-08-18,309799787
2023-08-19,75108764
2023-08-20,60377545
2023-08-21,253338026
2023-08-22,244730485
2023-08-23,241816115
2023-08-24,257678394
2023-08-25,322572449
2023-08-26,74329699
2023-08-27,43153745
2023-08-28,304311718
2023-08-29,262102542
2023-08-30,285711839
2023-08-31,1502851974
2023-09-01,226691367
2023-09-02,39010246
2023-09-03,31896127
2023-09-04,223895383
2023-09-05,229273680
2023-09-06,248278448
2023-09-07,259124905
2023-09-08,306585115
2023-09-09,85940065
2023-09-10,52387056
2023-09-11,258501319
2023-09-12,281221580
2023-09-13,265881676
2023-09-14,284787225
2023-09-15,441457225
2023-09-16,81895883
2023-09-17,52993364
2023-09-18,289130918
2023-09-19,262714573
2023-09-20,285318037
2023-09-21,280074834
2023-09-22,349049191
2023-09-23,81042080
2023-09-24,49859417
2023-09-25,280664347
2023-09-26,286259007
2023-09-27,286746739
2023-09-28,322236749
2023-09-29,539668927
2023-09-30,1042217759
2023-10-01,27873730
2023-10-02,222900640
2023-10-03,210738134
2023-10-04,233497738
2023-10-05,281937646
2023-10-06,340986953
2023-10-07,81525964
2023-10-08,56065454
2023-10-09,290699397
2023-10-10,307032868
2023-10-11,284077319
2023-10-12,39370027
2023-10-13,336560207
2023-10-14,91486764
2023-10-15,105024336
2023-10-16,313490748
2023-10-17,294705353
2023-10-18,264909402
2023-10-19,272189079
2023-10-20,364205613
2023-10-21,82547954
2023-10-22,53237859
2023-10-23,290587102
2023-10-24,267690012
2023-10-25,277802008
2023-10-26,289646382
2023-10-27,373318908
2023-10-28,84185062
2023-10-29,58845105
2023-10-30,359115151
2023-10-31,1495133480
2023-11-01,34938659
2023-11-02,246909593
2023-11-03,268885747
2023-11-04,59110619
2023-11-05,42247938
2023-11-06,279715411
2023-11-07,267444497
2023-11-08,279770859
2023-11-09,263139545
2023-11-10,390099958
2023-11-11,89954141
2023-11-12,55500987
2023-11-13,290108153
2023-11-14,286051834
2023-11-15,384429331
2023-11-16,272066844
2023-11-17,361621718
2023-11-18,84056669
2023-11-19,48409746
2023-11-20,320801601
2023-11-21,289546950
2023-11-22,312782107
2023-11-23,303055684
2023-11-24,375442900
2023-11-25,86954867
2023-11-26,55648756
2023-11-27,311788426
2023-11-28,305553455
2023-11-29,311268691
2023-11-30,1588568785
2023-12-01,318364766
2023-12-02,52425451
2023-12-03,30207547
2023-12-04,269583170
2023-12-05,291497895
2023-12-06,60545284
2023-12-07,293945623
2023-12-08,79904816
2023-12-09,81220840
2023-12-10,56223766
2023-12-11,343486003
2023-12-12,295469514
2023-12-13,307323250
2023-12-14,305326162
2023-12-15,496532773
2023-12-16,95580347
2023-12-17,56282826
2023-12-18,324529133
2023-12-19,309576302
2023-12-20,331568508
2023-12-21,307748856
2023-12-22,390000930
2023-12-23,113817314
2023-12-24,44923642
2023-12-25,26155299
2023-12-26,251115387
2023-12-27,284774946
2023-12-28,308793637
2023-12-29,491210675
2023-12-30,180431364
2023-12-31,932475259
2024-01-01,16243079
2024-01-02,198819362
2024-01-03,202947480
2024-01-04,249696431
2024-01-05,273106205
2024-01-06,41289308
2024-01-07,42302271
2024-01-08,248241682
2024-01-09,229829525
2024-01-10,262511591
2024-01-11,243962002
2024-01-12,330125918
2024-01-13,83980359
2024-01-14,50909685
2024-01-15,358533792
2024-01-16,270379246
2024-01-17,247056653
2024-01-18,254191464
2024-01-19,349726153
2024-01-20,89182738
2024-01-21,52094166
2024-01-22,299889587
2024-01-23,253720948
2024-01-24,274330439
2024-01-25,250104356
2024-01-26,349667413
2024-01-27,78350522
2024-01-28,48891292
2024-01-29,238320005
2024-01-30,240082721
2024-01-31,1484688061
2024-02-01,217794452
2024-02-02,241451039
2024-02-03,50733624
2024-02-04,39926433
2024-02-05,279757214
2024-02-06,230704412
2024-02-07,252614940
2024-02-08,252505194
2024-02-09,354680533
2024-02-10,98559006
2024-02-11,56125885
2024-02-12,278161250
2024-02-13,250260788
2024-02-14,266947489
2024-02-15,347869249
2024-02-16,345828144
2024-02-17,78288350
2024-02-18,53177557
2024-02-19,289594461
2024-02-20,273869986
2024-02-21,250661724
2024-02-22,242964178
2024-02-23,346593954
2024-02-24,73749974
2024-02-25,53534048
2024-02-26,308622983
2024-02-27,281047054
2024-02-28,265617344
2024-02-29,1538590165
2024-03-01,231794495
2024-03-02,44278993
2024-03-03,32900594
2024-03-04,230621979
2024-03-05,232139304
2024-03-06,266874440
2024-03-07,258446387
2024-03-08,341812705
2024-03-09,78291994
2024-03-10,63304851
2024-03-11,293486792
2024-03-12,277941777
2024-03-13,284867939
2024-03-14,281929601
2024-03-15,453758053
2024-03-16,84380907
2024-03-17,67675155
2024-03-18,312151730
2024-03-19,243110507
2024-03-20,317373081
2024-03-21,290318230
2024-03-22,390260325
2024-03-23,80288173
2024-03-24,52043917
2024-03-25,345958158
2024-03-26,307335240
2024-03-27,377845892
2024-03-28,207883682
2024-03-29,82349490
2024-03-30,120786422
2024-03-31,977183359
2024-04-01,175714683
2024-04-02,223277542
2024-04-03,237627157
2024-04-04,330785046
2024-04-05,344281883
2024-04-06,77348275
2024-04-07,51930915
2024-04-08,281395357
2024-04-09,271106208
2024-04-10,293815065
2024-04-11,265665802
2024-04-12,344337344
2024-04-13,78963848
2024-04-14,57813578
2024-04-15,372834193
2024-04-16,286453646
2024-04-17,243674546
2024-04-18,247990772
2024-04-19,359860792
2024-04-20,86522226
2024-04-21,53700106
2024-04-22,293413194
2024-04-23,217567698
2024-04-24,296454437
2024-04-25,293477938
2024-04-26,363114680
2024-04-27,75781045
2024-04-28,58205002
2024-04-29,337517199
2024-04-30,1574551370
2024-05-01,47573380
2024-05-02,234045116
2024-05-03,275282067
2024-05-04,56928265
2024-05-05,46639733
2024-05-06,280208461
2024-05-07,258643376
2024-05-08,268853640
2024-05-09,267107995
2024-05-10,373472930
2024-05-11,78872366
2024-05-12,54273006
2024-05-13,288215817
2024-05-14,290930780
2024-05-15,346681865
2024-05-16,275531884
2024-05-17,345258614
2024-05-18,75278716
2024-05-19,54386599
2024-05-20,290070998
2024-05-21,278498687
2024-05-22,276243960
2024-05-23,259545625
2024-05-24,364126112
2024-05-25,77430438
2024-05-26,54018173
2024-05-27,301437131
2024-05-28,287420909
2024-05-29,302894238
2024-05-30,292632611
2024-05-31,1622527833
2024-06-01,39664526
2024-06-02,21496770
2024-06-03,236610012
2024-06-04,215393285
2024-06-05,252753536
2024-06-06,272899066
2024-06-07,337665988
2024-06-08,79141793
2024-06-09,56970667
2024-06-10,323263025
2024-06-11,261614509
2024-06-12,268936738
2024-06-13,278570109
2024-06-14,388162872
2024-06-15,139135555
2024-06-16,57186200
2024-06-17,304567483
2024-06-18,275746190
2024-06-19,275283713
2024-06-20,287195012
2024-06-21,439885379
2024-06-22,84990251
2024-06-23,48889721
2024-06-24,219216683
2024-06-25,301018466
2024-06-26,300257917
2024-06-27,323201395
2024-06-28,530013984
2024-06-29,132115757
2024-06-30,1028173681
2024-07-01,225845530
2024-07-02,214356446
2024-07-03,239385077
2024-07-04,254210544
2024-07-05,333164686
2024-07-06,74029443
2024-07-07,52313948
2024-07-08,274187403
2024-07-09,250585461
2024-07-10,302683784
2024-07-11,265455326
2024-07-12,359232628
2024-07-13,76758973
2024-07-14,57879808
2024-07-15,353401577
2024-07-16,263718429
2024-07-17,259307304
2024-07-18,268322745
2024-07-19,337120763
2024-07-20,84724129
2024-07-21,54108710
2024-07-22,280469064
2024-07-23,270783206
2024-07-24,258913710
2024-07-25,227052954
2024-07-26,340697259
2024-07-27,75740205
2024-07-28,56389751
2024-07-29,302775810
2024-07-30,295876846
2024-07-31,1527709430
2024-08-01,227566215
2024-08-02,246732105
2024-08-03,51143984
2024-08-04,37131269
2024-08-05,248733560
2024-08-06,234750877
2024-08-07,242209548
2024-08-08,245580970
2024-08-09,340964209
2024-08-10,93022928
2024-08-11,62636464
2024-08-12,279225899
2024-08-13,260296456
2024-08-14,265447332
2024-08-15,100355935
2024-08-16,284662719
2024-08-17,69762449
2024-08-18,58653845
2024-08-19,253831944
2024-08-20,268042407
2024-08-21,246258007
2024-08-22,248285745
2024-08-23,339452299
2024-08-24,77329123
2024-08-25,59503906
2024-08-26,283439858
2024-08-27,258987625
2024-08-28,261197739
2024-08-29,306928027
2024-08-30,540590596
2024-08-31,1083449715
2024-09-01,26895562
2024-09-02,218348597
2024-09-03,209384224
2024-09-04,241784214
2024-09-05,253087816
2024-09-06,333804375
2024-09-07,77680678
2024-09-08,41070289
2024-09-09,267937374
2024-09-10,298646694
2024-09-11,214785236
2024-09-12,291810007
2024-09-13,336551769
2024-09-14,87840383
2024-09-15,122735784
2024-09-16,283632173
2024-09-17,266148736
