date,total
2018-07-28,11.3
2018-07-29,10.89
2018-07-30,12.04
2018-07-31,12.97
2018-08-01,12.71
2018-08-02,12.13
2018-08-03,11.83
2018-08-04,12.17
2018-08-05,12.24
2018-08-06,11.66
2018-08-07,10.79
2018-08-08,11.51
2018-08-09,11.52
2018-08-10,11.07
2018-08-11,12.28
2018-08-12,11.84
2018-08-13,11.01
2018-08-14,11.65
2018-08-15,11.48
2018-08-16,11.6
2018-08-17,11.31
2018-08-18,12.87
2018-08-19,12.99
2018-08-20,12.08
2018-08-21,12.13
2018-08-22,12.93
2018-08-23,13.59
2018-08-24,13.25
2018-08-25,14.4
2018-08-26,14.59
2018-08-27,12.66
2018-08-28,12.35
2018-08-29,12.46
2018-08-30,11.97
2018-08-31,12.01
2018-09-01,11.71
2018-09-02,11.73
2018-09-03,11.85
2018-09-04,12.07
2018-09-05,11.8
2018-09-06,11.28
2018-09-07,10.96
2018-09-08,10.6
2018-09-09,10.41
2018-09-10,11.0
2018-09-11,10.61
2018-09-12,11.06
2018-09-13,10.7
2018-09-14,10.74
2018-09-15,10.09
2018-09-16,9.92
2018-09-17,11.08
2018-09-18,11.45
2018-09-19,11.31
2018-09-20,11.18
2018-09-21,12.26
2018-09-22,10.93
2018-09-23,10.68
2018-09-24,10.9
2018-09-25,11.27
2018-09-26,11.27
2018-09-27,11.5
2018-09-28,11.06
2018-09-29,10.23
2018-09-30,10.73
2018-10-01,10.98
2018-10-02,10.08
2018-10-03,10.79
2018-10-04,10.81
2018-10-05,11.08
2018-10-06,10.79
2018-10-07,11.05
2018-10-08,11.69
2018-10-09,11.52
2018-10-10,10.93
2018-10-11,11.18
2018-10-12,11.09
2018-10-13,10.99
2018-10-14,11.2
2018-10-15,10.85
2018-10-16,10.55
2018-10-17,10.78
2018-10-18,10.11
2018-10-19,9.47
2018-10-20,9.94
2018-10-21,10.02
2018-10-22,11.07
2018-10-23,10.48
2018-10-24,10.43
2018-10-25,10.57
2018-10-26,11.2
2018-10-27,11.19
2018-10-28,10.67
2018-10-29,11.61
2018-10-30,12.14
2018-10-31,11.96
2018-11-01,11.92
2018-11-02,10.4
2018-11-03,10.23
2018-11-04,9.97
2018-11-05,9.72
2018-11-06,9.64
2018-11-07,10.19
2018-11-08,10.04
2018-11-09,10.04
2018-11-10,9.29
2018-11-11,9.03
2018-11-12,9.25
2018-11-13,8.91
2018-11-14,8.61
2018-11-15,8.83
2018-11-16,8.67
2018-11-17,8.49
2018-11-18,8.45
2018-11-19,7.91
2018-11-20,7.46
2018-11-21,7.38
2018-11-22,7.21
2018-11-23,7.3
2018-11-24,7.38
2018-11-25,7.27
2018-11-26,7.7
2018-11-27,7.58
2018-11-28,6.91
2018-11-29,6.94
2018-11-30,7.73
2018-12-01,6.86
2018-12-02,6.99
2018-12-03,8.02
2018-12-04,7.79
2018-12-05,7.26
2018-12-06,7.35
2018-12-07,6.69
2018-12-08,6.57
2018-12-09,6.62
2018-12-10,7.27
2018-12-11,7.3
2018-12-12,7.96
2018-12-13,8.0
2018-12-14,8.21
2018-12-15,7.56
2018-12-16,7.45
2018-12-17,8.77
2018-12-18,9.11
2018-12-19,9.46
2018-12-20,10.06
2018-12-21,9.89
2018-12-22,9.18
2018-12-23,9.18
2018-12-24,9.15
2018-12-25,9.3
2018-12-26,9.23
2018-12-27,9.79
2018-12-28,10.53
2018-12-29,11.45
2018-12-30,11.4
2018-12-31,9.93
2019-01-01,9.97
2019-01-02,10.46
2019-01-03,10.44
2019-01-04,10.76
2019-01-05,12.01
2019-01-06,11.56
2019-01-07,11.07
2019-01-08,11.85
2019-01-09,11.52
2019-01-10,11.7
2019-01-11,11.37
2019-01-12,12.55
2019-01-13,12.69
2019-01-14,11.16
2019-01-15,10.89
2019-01-16,10.49
2019-01-17,9.49
2019-01-18,9.84
2019-01-19,11.11
2019-01-20,11.07
2019-01-21,10.36
2019-01-22,10.37
2019-01-23,10.66
2019-01-24,9.99
2019-01-25,9.25
2019-01-26,9.02
2019-01-27,8.89
2019-01-28,9.53
2019-01-29,9.3
2019-01-30,8.53
2019-01-31,8.37
2019-02-01,8.0
2019-02-02,7.69
2019-02-03,8.21
2019-02-04,7.34
2019-02-05,6.59
2019-02-06,6.53
2019-02-07,6.36
2019-02-08,6.59
2019-02-09,6.0
2019-02-10,5.89
2019-02-11,6.13
2019-02-12,6.39
2019-02-13,6.18
2019-02-14,6.4
2019-02-15,5.84
2019-02-16,5.52
2019-02-17,5.71
2019-02-18,5.54
2019-02-19,5.59
2019-02-20,5.6
2019-02-21,5.65
2019-02-22,5.87
2019-02-23,5.54
2019-02-24,5.63
2019-02-25,6.25
2019-02-26,6.48
2019-02-27,6.61
2019-02-28,6.61
2019-03-01,6.8
2019-03-02,6.62
2019-03-03,6.56
2019-03-04,6.6
2019-03-05,6.71
2019-03-06,6.26
2019-03-07,6.44
2019-03-08,6.41
2019-03-09,6.24
2019-03-10,6.26
2019-03-11,6.33
2019-03-12,6.15
2019-03-13,6.43
2019-03-14,5.83
2019-03-15,6.09
2019-03-16,5.86
2019-03-17,5.76
2019-03-18,5.51
2019-03-19,5.34
2019-03-20,5.26
2019-03-21,4.84
2019-03-22,4.53
2019-03-23,3.92
2019-03-24,3.8
2019-03-25,3.91
2019-03-26,3.12
2019-03-27,3.24
2019-03-28,3.88
2019-03-29,4.07
2019-03-30,3.69
2019-03-31,4.2
2019-04-01,4.45
2019-04-02,3.56
2019-04-03,3.68
2019-04-04,3.58
2019-04-05,3.88
2019-04-06,4.47
2019-04-07,4.44
2019-04-08,4.2
2019-04-09,5.14
2019-04-10,5.2
2019-04-11,5.34
2019-04-12,5.84
2019-04-13,5.76
2019-04-14,5.79
2019-04-15,5.97
2019-04-16,6.16
2019-04-17,6.02
2019-04-18,6.78
2019-04-19,7.27
2019-04-20,7.4
2019-04-21,7.47
2019-04-22,7.02
2019-04-23,7.85
2019-04-24,8.24
2019-04-25,7.59
2019-04-26,7.99
2019-04-27,6.66
2019-04-28,6.14
2019-04-29,6.87
2019-04-30,7.99
2019-05-01,8.0
2019-05-02,7.91
2019-05-03,7.2
2019-05-04,7.01
2019-05-05,6.87
2019-05-06,6.48
2019-05-07,5.52
2019-05-08,5.69
2019-05-09,5.64
2019-05-10,5.23
2019-05-11,5.36
2019-05-12,5.31
2019-05-13,5.33
2019-05-14,5.11
2019-05-15,5.5
2019-05-16,4.87
2019-05-17,4.74
2019-05-18,4.07
2019-05-19,3.97
2019-05-20,3.74
2019-05-21,3.71
2019-05-22,3.43
2019-05-23,3.46
2019-05-24,3.16
2019-05-25,3.89
2019-05-26,3.84
2019-05-27,3.7
2019-05-28,3.21
2019-05-29,3.14
2019-05-30,2.93
2019-05-31,3.12
2019-06-01,2.86
2019-06-02,2.94
2019-06-03,3.05
2019-06-04,3.02
2019-06-05,3.12
2019-06-06,3.5
2019-06-07,3.15
2019-06-08,3.23
2019-06-09,3.08
2019-06-10,2.48
2019-06-11,2.3
2019-06-12,2.14
2019-06-13,2.48
2019-06-14,2.6
2019-06-15,3.4
2019-06-16,3.46
2019-06-17,3.73
2019-06-18,3.18
2019-06-19,3.23
2019-06-20,2.47
2019-06-21,2.34
2019-06-22,2.15
2019-06-23,2.13
2019-06-24,1.88
2019-06-25,1.98
2019-06-26,2.07
2019-06-27,2.52
2019-06-28,1.61
2019-06-29,1.64
2019-06-30,2.08
2019-07-01,2.2
2019-07-02,1.67
2019-07-03,1.2
2019-07-04,1.52
2019-07-05,1.41
2019-07-06,1.52
2019-07-07,1.69
2019-07-08,1.99
2019-07-09,2.4
2019-07-10,1.93
2019-07-11,1.62
2019-07-12,1.47
2019-07-13,1.45
2019-07-14,1.52
2019-07-15,1.03
2019-07-16,1.29
2019-07-17,0.94
2019-07-18,1.58
2019-07-19,1.47
2019-07-20,1.46
2019-07-21,1.58
2019-07-22,1.82
2019-07-23,1.54
2019-07-24,1.33
2019-07-25,1.01
2019-07-26,2.19
2019-07-27,1.88
2019-07-28,1.62
2019-07-29,1.99
2019-07-30,2.21
2019-07-31,2.29
2019-08-01,1.84
2019-08-02,1.64
2019-08-03,1.96
2019-08-04,1.95
2019-08-05,1.25
2019-08-06,1.06
2019-08-07,1.59
2019-08-08,1.88
2019-08-09,1.34
2019-08-10,1.91
2019-08-11,1.93
2019-08-12,1.88
2019-08-13,1.82
2019-08-14,2.17
2019-08-15,2.2
2019-08-16,1.39
2019-08-17,2.63
2019-08-18,2.62
2019-08-19,1.32
2019-08-20,1.25
2019-08-21,1.14
2019-08-22,0.3
2019-08-23,-0.15
2019-08-24,1.12
2019-08-25,0.97
2019-08-26,-0.21
2019-08-27,0.21
2019-08-28,0.09
2019-08-29,0.13
2019-08-30,-0.01
2019-08-31,-0.76
2019-09-01,-0.29
2019-09-02,0.14
2019-09-03,-0.03
2019-09-04,-0.23
2019-09-05,0.14
2019-09-06,0.98
2019-09-07,0.97
2019-09-08,1.22
2019-09-09,1.22
2019-09-10,1.85
2019-09-11,1.84
2019-09-12,1.74
2019-09-13,2.87
2019-09-14,2.23
2019-09-15,2.55
2019-09-16,3.73
2019-09-17,3.36
2019-09-18,3.42
2019-09-19,4.0
2019-09-20,4.53
2019-09-21,3.23
2019-09-22,3.47
2019-09-23,4.1
2019-09-24,4.08
2019-09-25,4.07
2019-09-26,4.01
2019-09-27,4.7
2019-09-28,4.53
2019-09-29,4.22
2019-09-30,4.74
2019-10-01,4.88
2019-10-02,4.85
2019-10-03,3.96
2019-10-04,3.59
2019-10-05,3.11
2019-10-06,2.7
2019-10-07,2.8
2019-10-08,2.01
2019-10-09,1.86
2019-10-10,2.31
2019-10-11,1.45
2019-10-12,1.04
2019-10-13,0.79
2019-10-14,0.65
2019-10-15,1.09
2019-10-16,0.67
2019-10-17,0.65
2019-10-18,0.43
2019-10-19,0.93
2019-10-20,0.35
2019-10-21,0.47
2019-10-22,0.05
2019-10-23,-0.31
2019-10-24,-0.44
2019-10-25,-0.9
2019-10-26,-0.96
2019-10-27,-1.16
2019-10-28,-0.91
2019-10-29,-0.89
2019-10-30,-0.81
2019-10-31,-0.77
2019-11-01,-1.05
2019-11-02,-0.28
2019-11-03,-0.22
2019-11-04,-0.16
2019-11-05,0.04
2019-11-06,-0.28
2019-11-07,-0.66
2019-11-08,0.07
2019-11-09,0.85
2019-11-10,0.64
2019-11-11,0.46
2019-11-12,0.29
2019-11-13,0.32
2019-11-14,0.51
2019-11-15,0.16
2019-11-16,-0.12
2019-11-17,0.09
2019-11-18,0.27
2019-11-19,0.41
2019-11-20,0.57
2019-11-21,0.76
2019-11-22,0.97
2019-11-23,1.01
2019-11-24,0.66
2019-11-25,0.35
2019-11-26,-0.18
2019-11-27,-0.11
2019-11-28,0.32
2019-11-29,0.08
2019-11-30,-1.03
2019-12-01,-0.66
2019-12-02,-0.25
2019-12-03,-1.19
2019-12-04,-0.63
2019-12-05,-0.37
2019-12-06,-0.54
2019-12-07,-0.35
2019-12-08,-0.2
2019-12-09,0.17
2019-12-10,0.88
2019-12-11,1.9
2019-12-12,1.53
2019-12-13,1.83
2019-12-14,1.15
2019-12-15,1.6
2019-12-16,2.91
2019-12-17,2.57
2019-12-18,2.41
2019-12-19,2.5
2019-12-20,2.13
2019-12-21,1.5
2019-12-22,1.76
2019-12-23,1.98
2019-12-24,2.04
2019-12-25,2.1
2019-12-26,2.44
2019-12-27,2.23
2019-12-28,1.58
2019-12-29,1.26
2019-12-30,2.29
2019-12-31,3.45
2020-01-01,2.98
2020-01-02,2.36
2020-01-03,2.04
2020-01-04,2.37
2020-01-05,2.44
2020-01-06,2.46
2020-01-07,1.32
2020-01-08,0.27
2020-01-09,0.46
2020-01-10,-0.01
2020-01-11,1.09
2020-01-12,0.78
2020-01-13,-0.79
2020-01-14,-0.03
2020-01-15,0.65
2020-01-16,0.36
2020-01-17,1.1
2020-01-18,1.97
2020-01-19,2.01
2020-01-20,1.73
2020-01-21,1.68
2020-01-22,1.39
2020-01-23,0.62
2020-01-24,1.61
2020-01-25,2.9
2020-01-26,3.0
2020-01-27,1.94
2020-01-28,1.67
2020-01-29,1.95
2020-01-30,2.35
2020-01-31,2.56
2020-02-01,1.38
2020-02-02,1.2
2020-02-03,0.48
2020-02-04,1.1
2020-02-05,1.69
2020-02-06,1.34
2020-02-07,1.69
2020-02-08,1.44
2020-02-09,1.27
2020-02-10,1.16
2020-02-11,0.41
2020-02-12,-0.14
2020-02-13,-0.11
2020-02-14,-0.37
2020-02-15,-0.53
2020-02-16,-0.54
2020-02-17,-0.66
2020-02-18,-0.44
2020-02-19,-0.17
2020-02-20,-0.15
2020-02-21,-0.24
2020-02-22,-0.63
2020-02-23,-0.75
2020-02-24,-1.43
2020-02-25,-1.56
2020-02-26,-2.02
2020-02-27,-2.31
2020-02-28,-2.04
2020-02-29,-2.06
2020-03-01,-2.09
2020-03-02,-2.12
2020-03-03,-2.04
2020-03-04,-1.93
2020-03-05,-1.95
2020-03-06,-1.56
2020-03-07,-1.87
2020-03-08,-1.81
2020-03-09,-2.08
2020-03-10,-1.16
2020-03-11,-1.34
2020-03-12,-1.1
2020-03-13,-1.07
2020-03-14,-0.55
2020-03-15,-0.78
2020-03-16,-1.09
2020-03-17,-1.84
2020-03-18,-2.33
2020-03-19,-2.84
2020-03-20,-3.7
2020-03-21,-3.76
2020-03-22,-4.0
2020-03-23,-4.24
2020-03-24,-5.96
2020-03-25,-6.92
2020-03-26,-8.31
2020-03-27,-9.25
2020-03-28,-10.23
2020-03-29,-10.65
2020-03-30,-11.04
2020-03-31,-11.61
2020-04-01,-12.85
2020-04-02,-14.17
2020-04-03,-15.97
2020-04-04,-16.19
2020-04-05,-16.76
2020-04-06,-18.56
2020-04-07,-20.26
2020-04-08,-21.41
2020-04-09,-22.71
2020-04-10,-24.34
2020-04-11,-25.0
2020-04-12,-25.52
2020-04-13,-26.06
2020-04-14,-26.65
2020-04-15,-27.63
2020-04-16,-29.35
2020-04-17,-29.95
2020-04-18,-30.35
2020-04-19,-30.43
2020-04-20,-31.3
2020-04-21,-31.55
2020-04-22,-31.8
2020-04-23,-32.11
2020-04-24,-32.5
2020-04-25,-32.42
2020-04-26,-33.08
2020-04-27,-33.56
2020-04-28,-33.98
2020-04-29,-34.27
2020-04-30,-34.37
2020-05-01,-34.33
2020-05-02,-34.5
2020-05-03,-34.16
2020-05-04,-34.03
2020-05-05,-34.09
2020-05-06,-33.9
2020-05-07,-33.89
2020-05-08,-34.24
2020-05-09,-34.19
2020-05-10,-34.11
2020-05-11,-34.63
2020-05-12,-34.65
2020-05-13,-34.59
2020-05-14,-34.15
2020-05-15,-34.21
2020-05-16,-34.15
2020-05-17,-34.23
2020-05-18,-34.24
2020-05-19,-33.88
2020-05-20,-33.2
2020-05-21,-32.87
2020-05-22,-32.11
2020-05-23,-31.78
2020-05-24,-31.33
2020-05-25,-31.18
2020-05-26,-30.91
2020-05-27,-30.71
2020-05-28,-29.91
2020-05-29,-29.77
2020-05-30,-29.94
2020-05-31,-30.08
2020-06-01,-29.29
2020-06-02,-28.91
2020-06-03,-28.52
2020-06-04,-27.98
2020-06-05,-27.4
2020-06-06,-27.13
2020-06-07,-26.57
2020-06-08,-25.85
2020-06-09,-25.34
2020-06-10,-23.97
2020-06-11,-23.41
2020-06-12,-22.36
2020-06-13,-22.36
2020-06-14,-22.19
2020-06-15,-21.38
2020-06-16,-20.84
2020-06-17,-20.58
2020-06-18,-20.06
2020-06-19,-19.46
2020-06-20,-18.84
2020-06-21,-18.91
2020-06-22,-18.06
2020-06-23,-17.37
2020-06-24,-16.73
2020-06-25,-16.37
2020-06-26,-15.43
2020-06-27,-15.66
2020-06-28,-15.55
2020-06-29,-14.4
2020-06-30,-13.62
2020-07-01,-13.06
2020-07-02,-13.14
2020-07-03,-12.63
2020-07-04,-12.83
2020-07-05,-13.15
2020-07-06,-12.91
2020-07-07,-12.29
2020-07-08,-12.76
2020-07-09,-12.67
2020-07-10,-12.6
2020-07-11,-11.96
2020-07-12,-11.87
2020-07-13,-11.84
2020-07-14,-11.9
2020-07-15,-11.78
2020-07-16,-11.59
2020-07-17,-11.31
2020-07-18,-11.38
2020-07-19,-10.93
2020-07-20,-11.1
2020-07-21,-11.31
2020-07-22,-11.33
2020-07-23,-11.25
2020-07-24,-10.8
2020-07-25,-10.21
2020-07-26,-10.63
2020-07-27,-10.98
2020-07-28,-10.99
2020-07-29,-10.92
2020-07-30,-10.89
2020-07-31,-11.13
2020-08-01,-11.21
2020-08-02,-10.19
2020-08-03,-10.21
2020-08-04,-10.92
2020-08-05,-10.55
2020-08-06,-10.38
2020-08-07,-10.42
2020-08-08,-10.17
2020-08-09,-9.3
2020-08-10,-9.62
2020-08-11,-10.08
2020-08-12,-10.66
2020-08-13,-10.73
2020-08-14,-11.06
2020-08-15,-11.13
2020-08-16,-9.66
2020-08-17,-10.4
2020-08-18,-11.18
2020-08-19,-11.09
2020-08-20,-10.81
2020-08-21,-10.82
2020-08-22,-9.69
2020-08-23,-8.47
2020-08-24,-9.28
2020-08-25,-9.83
2020-08-26,-9.74
2020-08-27,-9.39
2020-08-28,-8.98
2020-08-29,-8.72
2020-08-30,-9.19
2020-08-31,-9.06
2020-09-01,-8.84
2020-09-02,-9.24
2020-09-03,-8.75
2020-09-04,-8.45
2020-09-05,-8.69
2020-09-06,-9.21
2020-09-07,-9.1
2020-09-08,-9.0
2020-09-09,-8.23
2020-09-10,-7.85
2020-09-11,-7.57
2020-09-12,-7.31
2020-09-13,-8.84
2020-09-14,-8.15
2020-09-15,-7.78
2020-09-16,-7.89
2020-09-17,-7.97
2020-09-18,-8.17
2020-09-19,-8.85
2020-09-20,-10.08
2020-09-21,-9.77
2020-09-22,-9.14
2020-09-23,-9.09
2020-09-24,-9.12
2020-09-25,-8.67
2020-09-26,-9.15
2020-09-27,-10.3
2020-09-28,-9.8
2020-09-29,-8.72
2020-09-30,-8.43
2020-10-01,-8.81
2020-10-02,-9.41
2020-10-03,-9.14
2020-10-04,-9.07
2020-10-05,-8.76
2020-10-06,-8.62
2020-10-07,-8.79
2020-10-08,-8.9
2020-10-09,-8.91
2020-10-10,-9.63
2020-10-11,-9.58
2020-10-12,-9.45
2020-10-13,-8.48
2020-10-14,-8.11
2020-10-15,-8.21
2020-10-16,-8.15
2020-10-17,-8.34
2020-10-18,-7.81
2020-10-19,-7.84
2020-10-20,-8.0
2020-10-21,-8.16
2020-10-22,-8.4
2020-10-23,-8.43
2020-10-24,-7.79
2020-10-25,-7.29
2020-10-26,-7.15
2020-10-27,-7.7
2020-10-28,-7.8
2020-10-29,-7.53
2020-10-30,-7.93
2020-10-31,-8.98
2020-11-01,-8.88
2020-11-02,-8.48
2020-11-03,-8.09
2020-11-04,-7.79
2020-11-05,-7.54
2020-11-06,-7.06
2020-11-07,-6.62
2020-11-08,-6.92
2020-11-09,-7.48
2020-11-10,-7.43
2020-11-11,-7.49
2020-11-12,-7.31
2020-11-13,-6.86
2020-11-14,-6.84
2020-11-15,-6.65
2020-11-16,-6.26
2020-11-17,-5.82
2020-11-18,-6.04
2020-11-19,-5.88
2020-11-20,-5.52
2020-11-21,-5.62
2020-11-22,-5.7
2020-11-23,-5.72
2020-11-24,-5.33
2020-11-25,-5.12
2020-11-26,-5.16
2020-11-27,-4.09
2020-11-28,-3.83
2020-11-29,-4.16
2020-11-30,-4.21
2020-12-01,-4.1
2020-12-02,-4.69
2020-12-03,-4.95
2020-12-04,-5.18
2020-12-05,-5.92
2020-12-06,-6.26
2020-12-07,-5.97
2020-12-08,-6.23
2020-12-09,-5.63
2020-12-10,-5.5
2020-12-11,-6.3
2020-12-12,-7.05
2020-12-13,-8.12
2020-12-14,-7.66
2020-12-15,-7.19
2020-12-16,-7.57
2020-12-17,-7.68
2020-12-18,-8.24
2020-12-19,-9.62
2020-12-20,-10.82
2020-12-21,-10.4
2020-12-22,-9.75
2020-12-23,-9.31
2020-12-24,-9.4
2020-12-25,-9.64
2020-12-26,-10.14
2020-12-27,-10.44
2020-12-28,-10.38
2020-12-29,-9.95
2020-12-30,-9.96
2020-12-31,-9.63
2021-01-01,-9.8
2021-01-02,-8.79
2021-01-03,-7.32
2021-01-04,-7.33
2021-01-05,-8.06
2021-01-06,-8.44
2021-01-07,-9.05
2021-01-08,-9.04
2021-01-09,-8.37
2021-01-10,-7.66
2021-01-11,-8.91
2021-01-12,-10.21
2021-01-13,-10.01
2021-01-14,-10.05
2021-01-15,-10.19
2021-01-16,-8.47
2021-01-17,-6.83
2021-01-18,-7.62
2021-01-19,-8.78
2021-01-20,-9.42
2021-01-21,-9.36
2021-01-22,-9.1
2021-01-23,-7.79
2021-01-24,-7.43
2021-01-25,-7.33
2021-01-26,-7.81
2021-01-27,-7.53
2021-01-28,-7.5
2021-01-29,-7.83
2021-01-30,-8.73
2021-01-31,-9.86
2021-02-01,-9.66
2021-02-02,-9.41
2021-02-03,-9.77
2021-02-04,-8.75
2021-02-05,-8.34
2021-02-06,-7.99
2021-02-07,-7.64
2021-02-08,-7.12
2021-02-09,-6.49
2021-02-10,-6.03
2021-02-11,-5.66
2021-02-12,-5.34
2021-02-13,-5.45
2021-02-14,-5.55
2021-02-15,-5.42
2021-02-16,-5.24
2021-02-17,-5.24
2021-02-18,-5.41
2021-02-19,-5.72
2021-02-20,-6.22
2021-02-21,-6.56
2021-02-22,-6.68
2021-02-23,-6.59
2021-02-24,-5.9
2021-02-25,-5.8
2021-02-26,-5.65
2021-02-27,-5.94
2021-02-28,-5.82
2021-03-01,-5.43
2021-03-02,-4.93
2021-03-03,-4.43
2021-03-04,-4.76
2021-03-05,-4.26
2021-03-06,-4.09
2021-03-07,-3.82
2021-03-08,-3.32
2021-03-09,-2.62
2021-03-10,-3.14
2021-03-11,-2.78
2021-03-12,-2.85
2021-03-13,-2.71
2021-03-14,-2.75
2021-03-15,-2.58
2021-03-16,-1.99
2021-03-17,-0.77
2021-03-18,0.48
2021-03-19,1.31
2021-03-20,2.4
2021-03-21,2.88
2021-03-22,3.15
2021-03-23,4.18
2021-03-24,6.55
2021-03-25,7.62
2021-03-26,10.43
2021-03-27,12.21
2021-03-28,12.25
2021-03-29,13.36
2021-03-30,15.68
2021-03-31,16.88
2021-04-01,18.49
2021-04-02,20.6
2021-04-03,22.95
2021-04-04,23.51
2021-04-05,24.01
2021-04-06,26.0
2021-04-07,28.69
2021-04-08,30.78
2021-04-09,32.41
2021-04-10,34.68
2021-04-11,35.6
2021-04-12,36.28
2021-04-13,36.92
2021-04-14,37.89
2021-04-15,39.34
2021-04-16,42.31
2021-04-17,43.83
2021-04-18,44.26
2021-04-19,44.65
2021-04-20,46.58
2021-04-21,46.3
2021-04-22,47.35
2021-04-23,47.87
2021-04-24,48.7
2021-04-25,48.92
2021-04-26,49.36
2021-04-27,49.06
2021-04-28,50.3
2021-04-29,51.13
2021-04-30,50.06
2021-05-01,49.43
2021-05-02,49.6
2021-05-03,49.77
2021-05-04,49.97
2021-05-05,49.77
2021-05-06,49.71
2021-05-07,50.36
2021-05-08,51.21
2021-05-09,51.19
2021-05-10,50.9
2021-05-11,52.26
2021-05-12,52.16
2021-05-13,51.87
2021-05-14,51.41
2021-05-15,51.62
2021-05-16,51.54
2021-05-17,51.68
2021-05-18,51.14
2021-05-19,50.34
2021-05-20,48.27
2021-05-21,48.08
2021-05-22,46.85
2021-05-23,46.76
2021-05-24,45.39
2021-05-25,45.04
2021-05-26,44.01
2021-05-27,43.3
2021-05-28,43.14
2021-05-29,42.47
2021-05-30,43.07
2021-05-31,42.3
2021-06-01,41.53
2021-06-02,40.66
2021-06-03,40.41
2021-06-04,40.09
2021-06-05,38.9
2021-06-06,38.24
2021-06-07,37.96
2021-06-08,36.83
2021-06-09,36.12
2021-06-10,35.62
2021-06-11,34.64
2021-06-12,32.72
2021-06-13,32.31
2021-06-14,31.73
2021-06-15,31.14
2021-06-16,30.51
2021-06-17,29.89
2021-06-18,29.03
2021-06-19,28.46
2021-06-20,27.96
2021-06-21,28.58
2021-06-22,27.77
2021-06-23,26.93
2021-06-24,26.56
2021-06-25,24.67
2021-06-26,23.0
2021-06-27,22.11
2021-06-28,22.78
2021-06-29,22.4
2021-06-30,22.49
2021-07-01,21.01
2021-07-02,20.17
2021-07-03,19.91
2021-07-04,19.85
2021-07-05,19.67
2021-07-06,19.12
2021-07-07,18.16
2021-07-08,17.63
2021-07-09,17.14
2021-07-10,16.95
2021-07-11,16.75
2021-07-12,16.46
2021-07-13,15.51
2021-07-14,15.51
2021-07-15,15.49
2021-07-16,15.09
2021-07-17,14.8
2021-07-18,14.76
2021-07-19,14.26
2021-07-20,13.76
2021-07-21,14.0
2021-07-22,13.58
2021-07-23,14.27
2021-07-24,14.31
2021-07-25,14.36
2021-07-26,14.17
2021-07-27,13.25
2021-07-28,12.9
2021-07-29,13.29
2021-07-30,13.11
2021-07-31,12.45
2021-08-01,12.82
2021-08-02,12.55
2021-08-03,12.48
2021-08-04,13.03
2021-08-05,12.86
2021-08-06,13.07
2021-08-07,13.6
2021-08-08,13.7
2021-08-09,13.14
2021-08-10,13.17
2021-08-11,13.06
2021-08-12,13.09
2021-08-13,13.43
2021-08-14,14.55
2021-08-15,14.61
2021-08-16,14.13
2021-08-17,14.45
2021-08-18,14.28
2021-08-19,14.11
2021-08-20,14.15
2021-08-21,15.45
2021-08-22,15.58
2021-08-23,14.37
2021-08-24,14.76
2021-08-25,14.82
2021-08-26,14.63
2021-08-27,14.56
2021-08-28,15.05
2021-08-29,14.68
2021-08-30,16.25
2021-08-31,17.05
2021-09-01,17.04
2021-09-02,17.12
2021-09-03,16.45
2021-09-04,16.47
2021-09-05,16.39
2021-09-06,17.21
2021-09-07,17.51
2021-09-08,17.61
2021-09-09,18.0
2021-09-10,17.2
2021-09-11,16.72
2021-09-12,16.73
2021-09-13,17.51
2021-09-14,17.58
2021-09-15,17.99
2021-09-16,18.08
2021-09-17,18.5
2021-09-18,17.7
2021-09-19,17.44
2021-09-20,18.6
2021-09-21,18.75
2021-09-22,18.9
2021-09-23,18.97
2021-09-24,19.5
2021-09-25,18.45
2021-09-26,18.47
2021-09-27,18.56
2021-09-28,19.1
2021-09-29,18.93
2021-09-30,19.01
2021-10-01,19.2
2021-10-02,19.67
2021-10-03,19.67
2021-10-04,19.49
2021-10-05,19.58
2021-10-06,19.91
2021-10-07,19.83
2021-10-08,20.3
2021-10-09,19.77
2021-10-10,19.54
2021-10-11,19.26
2021-10-12,19.39
2021-10-13,19.03
2021-10-14,19.34
2021-10-15,18.86
2021-10-16,18.77
2021-10-17,18.79
2021-10-18,19.41
2021-10-19,19.68
2021-10-20,20.14
2021-10-21,20.51
2021-10-22,21.3
2021-10-23,21.95
2021-10-24,21.94
2021-10-25,22.3
2021-10-26,21.06
2021-10-27,21.72
2021-10-28,21.97
2021-10-29,21.61
2021-10-30,20.74
2021-10-31,21.39
2021-11-01,22.05
2021-11-02,22.05
2021-11-03,21.84
2021-11-04,21.61
2021-11-05,21.89
2021-11-06,21.9
2021-11-07,22.23
2021-11-08,22.78
2021-11-09,22.76
2021-11-10,22.99
2021-11-11,23.57
2021-11-12,23.97
2021-11-13,23.72
2021-11-14,23.69
2021-11-15,23.42
2021-11-16,23.91
2021-11-17,23.36
2021-11-18,23.83
2021-11-19,23.9
2021-11-20,23.4
2021-11-21,23.59
2021-11-22,24.88
2021-11-23,25.22
2021-11-24,25.35
2021-11-25,25.36
2021-11-26,26.48
2021-11-27,25.84
2021-11-28,25.19
2021-11-29,26.82
2021-11-30,27.74
2021-12-01,28.12
2021-12-02,28.63
2021-12-03,29.31
2021-12-04,28.9
2021-12-05,28.87
2021-12-06,30.26
2021-12-07,30.62
2021-12-08,30.98
2021-12-09,30.81
2021-12-10,29.49
2021-12-11,28.96
2021-12-12,29.1
2021-12-13,31.0
2021-12-14,31.11
2021-12-15,31.41
2021-12-16,31.66
2021-12-17,31.92
2021-12-18,31.55
2021-12-19,31.63
2021-12-20,31.97
2021-12-21,32.37
2021-12-22,33.11
2021-12-23,32.64
2021-12-24,32.65
2021-12-25,32.65
2021-12-26,32.82
2021-12-27,32.52
2021-12-28,31.62
2021-12-29,30.97
2021-12-30,30.23
2021-12-31,28.75
2022-01-01,29.35
2022-01-02,29.61
2022-01-03,27.66
2022-01-04,27.25
2022-01-05,27.23
2022-01-06,26.74
2022-01-07,27.49
2022-01-08,29.08
2022-01-09,29.3
2022-01-10,27.81
2022-01-11,27.5
2022-01-12,28.11
2022-01-13,28.97
2022-01-14,28.66
2022-01-15,29.86
2022-01-16,29.81
2022-01-17,28.08
2022-01-18,28.24
2022-01-19,27.48
2022-01-20,28.76
2022-01-21,29.55
2022-01-22,30.17
2022-01-23,30.05
2022-01-24,29.92
2022-01-25,29.92
2022-01-26,30.84
2022-01-27,31.86
2022-01-28,33.05
2022-01-29,33.07
2022-01-30,33.13
2022-01-31,34.31
2022-02-01,35.25
2022-02-02,35.65
2022-02-03,36.75
2022-02-04,36.92
2022-02-05,36.54
2022-02-06,36.41
2022-02-07,36.26
2022-02-08,36.37
2022-02-09,35.68
2022-02-10,34.74
2022-02-11,35.32
2022-02-12,35.41
2022-02-13,35.47
2022-02-14,35.93
2022-02-15,36.11
2022-02-16,36.19
2022-02-17,35.54
2022-02-18,35.53
2022-02-19,36.05
2022-02-20,36.27
2022-02-21,36.92
2022-02-22,38.17
2022-02-23,38.21
2022-02-24,38.23
2022-02-25,37.73
2022-02-26,37.6
2022-02-27,37.8
2022-02-28,37.86
2022-03-01,37.91
2022-03-02,37.43
2022-03-03,36.98
2022-03-04,37.69
2022-03-05,36.93
2022-03-06,36.71
2022-03-07,37.61
2022-03-08,37.61
2022-03-09,37.87
2022-03-10,38.0
2022-03-11,37.61
2022-03-12,37.52
2022-03-13,37.49
2022-03-14,37.5
2022-03-15,37.34
2022-03-16,36.56
2022-03-17,35.99
2022-03-18,34.56
2022-03-19,34.23
2022-03-20,34.0
2022-03-21,33.04
2022-03-22,33.27
2022-03-23,31.95
2022-03-24,31.21
2022-03-25,30.38
2022-03-26,29.58
2022-03-27,28.89
2022-03-28,29.29
2022-03-29,28.57
2022-03-30,28.1
2022-03-31,28.12
2022-04-01,27.85
2022-04-02,27.75
2022-04-03,27.83
2022-04-04,27.44
2022-04-05,26.91
2022-04-06,27.24
2022-04-07,26.96
2022-04-08,27.43
2022-04-09,27.2
2022-04-10,26.89
2022-04-11,26.97
2022-04-12,27.05
2022-04-13,27.82
2022-04-14,28.22
2022-04-15,28.68
2022-04-16,27.97
2022-04-17,27.88
2022-04-18,28.04
2022-04-19,27.42
2022-04-20,28.93
2022-04-21,30.12
2022-04-22,30.69
2022-04-23,30.7
2022-04-24,30.9
2022-04-25,32.2
2022-04-26,31.95
2022-04-27,33.14
2022-04-28,33.97
2022-04-29,32.93
2022-04-30,32.78
2022-05-01,32.78
2022-05-02,33.2
2022-05-03,33.29
2022-05-04,32.57
2022-05-05,32.74
2022-05-06,32.39
2022-05-07,32.56
2022-05-08,32.7
2022-05-09,32.37
2022-05-10,32.63
2022-05-11,32.49
2022-05-12,33.61
2022-05-13,34.15
2022-05-14,34.47
2022-05-15,34.97
2022-05-16,33.85
2022-05-17,33.71
2022-05-18,33.3
2022-05-19,32.95
2022-05-20,34.24
2022-05-21,33.99
2022-05-22,34.04
2022-05-23,33.78
2022-05-24,35.3
2022-05-25,34.37
2022-05-26,33.2
2022-05-27,34.22
2022-05-28,33.19
2022-05-29,33.13
2022-05-30,32.67
2022-05-31,33.43
2022-06-01,34.09
2022-06-02,33.47
2022-06-03,32.42
2022-06-04,32.25
2022-06-05,32.2
2022-06-06,32.32
2022-06-07,32.38
2022-06-08,32.15
2022-06-09,31.26
2022-06-10,30.17
2022-06-11,30.47
2022-06-12,30.23
2022-06-13,31.36
2022-06-14,31.51
2022-06-15,31.67
2022-06-16,31.17
2022-06-17,30.51
2022-06-18,30.94
2022-06-19,30.82
2022-06-20,30.57
2022-06-21,29.61
2022-06-22,30.29
2022-06-23,30.7
2022-06-24,30.08
2022-06-25,31.29
2022-06-26,31.38
2022-06-27,32.28
2022-06-28,31.5
2022-06-29,30.52
2022-06-30,30.79
2022-07-01,30.86
2022-07-02,31.63
2022-07-03,31.72
2022-07-04,30.97
2022-07-05,30.65
2022-07-06,30.64
2022-07-07,30.41
2022-07-08,30.96
2022-07-09,30.76
2022-07-10,30.59
2022-07-11,30.94
2022-07-12,31.04
2022-07-13,30.76
2022-07-14,31.13
2022-07-15,31.46
2022-07-16,31.52
2022-07-17,31.59
2022-07-18,30.86
2022-07-19,30.79
2022-07-20,30.15
2022-07-21,29.6
2022-07-22,30.82
2022-07-23,30.43
2022-07-24,30.47
2022-07-25,29.19
2022-07-26,30.39
2022-07-27,31.57
2022-07-28,31.41
2022-07-29,30.73
2022-07-30,29.27
2022-07-31,29.79
2022-08-01,29.96
2022-08-02,29.41
2022-08-03,29.43
2022-08-04,29.3
2022-08-05,30.1
2022-08-06,30.51
2022-08-07,30.75
2022-08-08,30.07
2022-08-09,30.0
2022-08-10,30.21
2022-08-11,30.1
2022-08-12,30.68
2022-08-13,31.48
2022-08-14,31.51
2022-08-15,31.43
2022-08-16,31.74
2022-08-17,32.02
2022-08-18,33.12
2022-08-19,32.35
2022-08-20,33.43
2022-08-21,33.39
2022-08-22,33.94
2022-08-23,33.01
2022-08-24,33.35
2022-08-25,33.25
2022-08-26,34.97
2022-08-27,36.62
2022-08-28,36.14
2022-08-29,37.09
2022-08-30,37.58
2022-08-31,37.68
2022-09-01,37.99
2022-09-02,37.17
2022-09-03,37.28
2022-09-04,36.83
2022-09-05,36.69
2022-09-06,36.48
2022-09-07,36.77
2022-09-08,36.82
2022-09-09,35.93
2022-09-10,34.6
2022-09-11,34.47
2022-09-12,34.55
2022-09-13,34.54
2022-09-14,34.58
2022-09-15,33.95
2022-09-16,34.21
2022-09-17,32.72
2022-09-18,32.52
2022-09-19,33.54
2022-09-20,33.27
2022-09-21,32.12
2022-09-22,32.08
2022-09-23,32.76
2022-09-24,31.99
2022-09-25,31.75
2022-09-26,31.58
2022-09-27,30.92
2022-09-28,29.2
2022-09-29,29.02
2022-09-30,28.6
2022-10-01,27.77
2022-10-02,27.87
2022-10-03,28.14
2022-10-04,27.78
2022-10-05,27.19
2022-10-06,27.18
2022-10-07,26.86
2022-10-08,26.7
2022-10-09,26.74
2022-10-10,26.7
2022-10-11,27.57
2022-10-12,27.02
2022-10-13,26.76
2022-10-14,26.47
2022-10-15,26.62
2022-10-16,26.53
2022-10-17,25.88
2022-10-18,25.29
2022-10-19,24.98
2022-10-20,24.32
2022-10-21,23.91
2022-10-22,22.68
2022-10-23,22.73
2022-10-24,22.98
2022-10-25,23.4
2022-10-26,24.94
2022-10-27,24.21
2022-10-28,24.47
2022-10-29,24.52
2022-10-30,24.31
2022-10-31,23.85
2022-11-01,23.98
2022-11-02,23.66
2022-11-03,23.2
2022-11-04,22.91
2022-11-05,22.53
2022-11-06,22.21
2022-11-07,22.09
2022-11-08,20.64
2022-11-09,20.66
2022-11-10,20.12
2022-11-11,20.09
2022-11-12,19.75
2022-11-13,19.61
2022-11-14,19.1
2022-11-15,19.15
2022-11-16,18.7
2022-11-17,19.03
2022-11-18,17.67
2022-11-19,17.77
2022-11-20,17.38
2022-11-21,17.52
2022-11-22,15.48
2022-11-23,14.65
2022-11-24,14.71
2022-11-25,14.25
2022-11-26,13.09
2022-11-27,13.0
2022-11-28,14.38
2022-11-29,13.23
2022-11-30,13.0
2022-12-01,12.91
2022-12-02,12.59
2022-12-03,12.18
2022-12-04,12.11
2022-12-05,12.17
2022-12-06,11.48
2022-12-07,11.88
2022-12-08,11.82
2022-12-09,10.01
2022-12-10,9.39
2022-12-11,9.42
2022-12-12,9.96
2022-12-13,9.34
2022-12-14,9.54
2022-12-15,8.87
2022-12-16,8.4
2022-12-17,7.46
2022-12-18,7.38
2022-12-19,7.68
2022-12-20,8.88
2022-12-21,8.84
2022-12-22,8.21
2022-12-23,7.78
2022-12-24,7.66
2022-12-25,7.67
2022-12-26,7.35
2022-12-27,7.44
2022-12-28,7.69
2022-12-29,7.6
2022-12-30,6.72
2022-12-31,7.54
2023-01-01,7.54
2023-01-02,6.53
2023-01-03,6.42
2023-01-04,5.49
2023-01-05,5.06
2023-01-06,5.1
2023-01-07,6.58
2023-01-08,6.66
2023-01-09,5.56
2023-01-10,5.82
2023-01-11,5.99
2023-01-12,6.09
2023-01-13,6.15
2023-01-14,7.12
2023-01-15,7.56
2023-01-16,6.67
2023-01-17,6.67
2023-01-18,6.21
2023-01-19,6.48
2023-01-20,7.01
2023-01-21,7.22
2023-01-22,7.14
2023-01-23,6.44
2023-01-24,6.28
2023-01-25,6.08
2023-01-26,5.46
2023-01-27,6.21
2023-01-28,5.19
2023-01-29,5.3
2023-01-30,6.81
2023-01-31,7.3
2023-02-01,7.53
2023-02-02,7.33
2023-02-03,8.3
2023-02-04,7.31
2023-02-05,7.1
2023-02-06,7.45
2023-02-07,7.49
2023-02-08,7.13
2023-02-09,7.33
2023-02-10,7.56
2023-02-11,7.34
2023-02-12,7.03
2023-02-13,6.94
2023-02-14,6.12
2023-02-15,6.37
2023-02-16,6.16
2023-02-17,6.21
2023-02-18,6.31
2023-02-19,6.22
2023-02-20,6.16
2023-02-21,5.39
2023-02-22,5.17
2023-02-23,5.48
2023-02-24,6.03
2023-02-25,6.06
2023-02-26,5.98
2023-02-27,6.41
2023-02-28,5.99
2023-03-01,5.51
2023-03-02,5.78
2023-03-03,5.68
2023-03-04,5.51
2023-03-05,5.5
2023-03-06,5.54
2023-03-07,4.69
2023-03-08,3.96
2023-03-09,3.38
2023-03-10,3.56
2023-03-11,3.57
2023-03-12,3.47
2023-03-13,3.21
2023-03-14,3.32
2023-03-15,3.45
2023-03-16,3.72
2023-03-17,3.48
2023-03-18,4.1
2023-03-19,4.18
2023-03-20,3.82
2023-03-21,5.12
2023-03-22,4.02
2023-03-23,5.45
2023-03-24,5.28
2023-03-25,5.72
2023-03-26,5.79
2023-03-27,4.95
2023-03-28,5.68
2023-03-29,5.89
2023-03-30,6.15
2023-03-31,5.84
2023-04-01,5.32
2023-04-02,5.13
2023-04-03,4.76
2023-04-04,4.53
2023-04-05,4.64
2023-04-06,5.38
2023-04-07,5.21
2023-04-08,4.62
2023-04-09,4.51
2023-04-10,4.23
2023-04-11,3.93
2023-04-12,3.43
2023-04-13,3.01
2023-04-14,2.77
2023-04-15,2.04
2023-04-16,2.0
2023-04-17,2.09
2023-04-18,1.28
2023-04-19,1.91
2023-04-20,-0.08
2023-04-21,-0.47
2023-04-22,-1.13
2023-04-23,-1.22
2023-04-24,-1.42
2023-04-25,-2.68
2023-04-26,-2.68
2023-04-27,-3.08
2023-04-28,-4.26
2023-04-29,-4.04
2023-04-30,-3.61
2023-05-01,-3.51
2023-05-02,-3.21
2023-05-03,-2.94
2023-05-04,-3.5
2023-05-05,-3.64
2023-05-06,-3.13
2023-05-07,-3.04
2023-05-08,-2.95
2023-05-09,-2.33
2023-05-10,-2.36
2023-05-11,-2.39
2023-05-12,-3.09
2023-05-13,-3.05
2023-05-14,-3.03
2023-05-15,-3.78
2023-05-16,-2.68
2023-05-17,-2.65
2023-05-18,-2.65
2023-05-19,-2.68
2023-05-20,-2.9
2023-05-21,-2.95
2023-05-22,-2.57
2023-05-23,-2.97
2023-05-24,-3.35
2023-05-25,-3.49
2023-05-26,-2.13
2023-05-27,-2.35
2023-05-28,-2.64
2023-05-29,-2.49
2023-05-30,-2.44
2023-05-31,-2.66
2023-06-01,-3.21
2023-06-02,-3.2
2023-06-03,-2.99
2023-06-04,-3.11
2023-06-05,-3.35
2023-06-06,-4.06
2023-06-07,-4.14
2023-06-08,-3.82
2023-06-09,-3.37
2023-06-10,-3.41
2023-06-11,-3.52
2023-06-12,-2.81
2023-06-13,-3.91
2023-06-14,-3.86
2023-06-15,-4.07
2023-06-16,-4.03
2023-06-17,-3.66
2023-06-18,-3.74
2023-06-19,-4.22
2023-06-20,-3.79
2023-06-21,-3.69
2023-06-22,-3.98
2023-06-23,-4.17
2023-06-24,-3.81
2023-06-25,-3.81
2023-06-26,-3.72
2023-06-27,-4.08
2023-06-28,-3.64
2023-06-29,-3.72
2023-06-30,-4.27
2023-07-01,-4.27
2023-07-02,-3.99
2023-07-03,-3.68
2023-07-04,-3.48
2023-07-05,-3.37
2023-07-06,-3.5
2023-07-07,-3.5
2023-07-08,-3.3
2023-07-09,-3.14
2023-07-10,-2.94
2023-07-11,-3.04
2023-07-12,-3.1
2023-07-13,-2.41
2023-07-14,-2.45
2023-07-15,-2.74
2023-07-16,-2.6
2023-07-17,-2.53
2023-07-18,-2.19
2023-07-19,-2.1
2023-07-20,-1.53
2023-07-21,-0.68
2023-07-22,-1.66
2023-07-23,-1.53
2023-07-24,-1.37
2023-07-25,-0.78
2023-07-26,-1.97
2023-07-27,-1.28
2023-07-28,-0.91
2023-07-29,-0.69
2023-07-30,-0.68
2023-07-31,-0.77
2023-08-01,-0.65
2023-08-02,-0.4
2023-08-03,-0.65
2023-08-04,-0.66
2023-08-05,-0.86
2023-08-06,-0.9
2023-08-07,-1.55
2023-08-08,-2.1
2023-08-09,-2.21
2023-08-10,-2.65
2023-08-11,-2.71
2023-08-12,-2.21
2023-08-13,-2.2
2023-08-14,-3.4
2023-08-15,-3.67
2023-08-16,-4.29
2023-08-17,-4.94
2023-08-18,-6.54
2023-08-19,-4.78
2023-08-20,-5.09
2023-08-21,-6.02
2023-08-22,-6.9
2023-08-23,-6.02
2023-08-24,-6.91
2023-08-25,-6.85
2023-08-26,-6.98
2023-08-27,-7.14
2023-08-28,-7.13
2023-08-29,-7.42
2023-08-30,-8.33
2023-08-31,-8.14
2023-09-01,-8.66
2023-09-02,-8.23
2023-09-03,-8.26
2023-09-04,-8.43
2023-09-05,-7.87
2023-09-06,-8.22
2023-09-07,-8.42
2023-09-08,-8.68
2023-09-09,-9.13
2023-09-10,-9.08
2023-09-11,-8.54
2023-09-12,-8.52
2023-09-13,-8.3
2023-09-14,-8.53
2023-09-15,-8.55
2023-09-16,-9.67
2023-09-17,-9.57
2023-09-18,-9.22
2023-09-19,-9.33
2023-09-20,-9.31
2023-09-21,-8.73
2023-09-22,-8.73
2023-09-23,-9.82
2023-09-24,-9.75
2023-09-25,-9.5
2023-09-26,-9.34
2023-09-27,-8.73
2023-09-28,-7.93
2023-09-29,-8.13
2023-09-30,-8.89
2023-10-01,-8.63
2023-10-02,-8.26
2023-10-03,-8.36
2023-10-04,-7.95
2023-10-05,-7.76
2023-10-06,-7.56
2023-10-07,-7.17
2023-10-08,-7.23
2023-10-09,-6.75
2023-10-10,-6.25
2023-10-11,-6.3
2023-10-12,-5.75
2023-10-13,-6.03
2023-10-14,-6.33
2023-10-15,-6.1
2023-10-16,-5.59
2023-10-17,-4.8
2023-10-18,-5.24
2023-10-19,-4.89
2023-10-20,-4.13
2023-10-21,-4.09
2023-10-22,-4.11
2023-10-23,-4.0
2023-10-24,-4.24
2023-10-25,-4.78
2023-10-26,-5.99
2023-10-27,-4.9
2023-10-28,-5.05
2023-10-29,-5.63
2023-10-30,-4.56
2023-10-31,-3.72
2023-11-01,-4.08
2023-11-02,-4.08
2023-11-03,-4.23
2023-11-04,-4.2
2023-11-05,-4.31
2023-11-06,-4.48
2023-11-07,-5.07
2023-11-08,-4.8
2023-11-09,-5.01
2023-11-10,-3.97
2023-11-11,-4.18
2023-11-12,-4.43
2023-11-13,-4.75
2023-11-14,-4.79
2023-11-15,-4.28
2023-11-16,-4.75
2023-11-17,-5.54
2023-11-18,-4.65
2023-11-19,-4.67
2023-11-20,-4.43
2023-11-21,-4.42
2023-11-22,-3.49
2023-11-23,-2.76
2023-11-24,-3.31
2023-11-25,-2.88
2023-11-26,-2.49
2023-11-27,-2.68
2023-11-28,-3.56
2023-11-29,-3.07
2023-11-30,-2.81
2023-12-01,-2.99
2023-12-02,-2.97
2023-12-03,-2.92
2023-12-04,-2.59
2023-12-05,-2.06
2023-12-06,-1.8
2023-12-07,-2.45
2023-12-08,-2.58
2023-12-09,-1.8
2023-12-10,-1.69
2023-12-11,-0.92
2023-12-12,-0.93
2023-12-13,-0.87
2023-12-14,-0.92
2023-12-15,-0.67
2023-12-16,-1.4
2023-12-17,-1.47
2023-12-18,-0.98
2023-12-19,-0.54
2023-12-20,-0.68
2023-12-21,-0.37
2023-12-22,-0.33
2023-12-23,-0.24
2023-12-24,-0.31
2023-12-25,-0.38
2023-12-26,-0.07
2023-12-27,-0.03
2023-12-28,0.03
2023-12-29,-0.39
2023-12-30,-0.21
2023-12-31,-0.07
2024-01-01,0.48
2024-01-02,0.4
2024-01-03,0.35
2024-01-04,0.81
2024-01-05,0.84
2024-01-06,1.91
2024-01-07,2.08
2024-01-08,0.73
2024-01-09,0.85
2024-01-10,0.61
2024-01-11,0.8
2024-01-12,0.93
2024-01-13,1.58
2024-01-14,1.58
2024-01-15,0.43
2024-01-16,0.29
2024-01-17,-0.61
2024-01-18,-1.23
2024-01-19,-1.14
2024-01-20,-1.58
2024-01-21,-1.61
2024-01-22,-1.94
2024-01-23,-1.93
2024-01-24,-2.2
2024-01-25,-2.63
2024-01-26,-1.53
2024-01-27,-1.87
2024-01-28,-1.95
2024-01-29,-2.7
2024-01-30,-2.92
2024-01-31,-2.94
2024-02-01,-2.86
2024-02-02,-2.62
2024-02-03,-3.49
2024-02-04,-3.62
2024-02-05,-3.36
2024-02-06,-3.5
2024-02-07,-3.62
2024-02-08,-3.8
2024-02-09,-4.09
2024-02-10,-3.98
2024-02-11,-4.0
2024-02-12,-3.92
2024-02-13,-3.87
2024-02-14,-3.29
2024-02-15,-3.06
2024-02-16,-2.9
2024-02-17,-2.5
2024-02-18,-2.44
2024-02-19,-2.66
2024-02-20,-2.26
2024-02-21,-2.15
2024-02-22,-2.17
2024-02-23,-2.41
2024-02-24,-2.94
2024-02-25,-3.23
2024-02-26,-2.96
2024-02-27,-3.48
2024-02-28,-3.47
2024-02-29,-2.83
2024-03-01,-2.57
2024-03-02,-2.94
2024-03-03,-3.21
2024-03-04,-3.53
2024-03-05,-3.54
2024-03-06,-3.78
2024-03-07,-3.62
2024-03-08,-3.38
2024-03-09,-3.87
2024-03-10,-4.21
2024-03-11,-4.23
2024-03-12,-4.61
2024-03-13,-4.27
2024-03-14,-4.68
2024-03-15,-4.67
2024-03-16,-4.63
2024-03-17,-4.45
2024-03-18,-4.43
2024-03-19,-5.06
2024-03-20,-3.64
2024-03-21,-4.29
2024-03-22,-2.89
2024-03-23,-3.91
2024-03-24,-3.77
2024-03-25,-3.24
2024-03-26,-3.16
2024-03-27,-1.02
2024-03-28,-2.14
2024-03-29,-2.15
2024-03-30,-3.93
2024-03-31,-4.07
2024-04-01,-3.16
2024-04-02,-3.05
2024-04-03,-2.64
2024-04-04,-2.21
2024-04-05,-2.01
2024-04-06,-2.39
2024-04-07,-1.79
2024-04-08,-1.72
2024-04-09,-1.45
2024-04-10,-1.0
2024-04-11,-0.89
2024-04-12,-0.67
2024-04-13,-0.71
2024-04-14,-0.77
2024-04-15,-0.46
2024-04-16,-0.41
2024-04-17,-1.41
2024-04-18,-0.64
2024-04-19,-1.64
2024-04-20,-0.86
2024-04-21,-0.83
2024-04-22,-0.53
2024-04-23,-0.92
2024-04-24,-1.62
2024-04-25,-1.06
2024-04-26,-0.49
2024-04-27,0.26
2024-04-28,0.74
2024-04-29,1.56
2024-04-30,2.17
2024-05-01,2.24
2024-05-02,2.02
2024-05-03,1.12
2024-05-04,1.8
2024-05-05,1.99
2024-05-06,1.7
2024-05-07,1.44
2024-05-08,1.13
2024-05-09,0.6
2024-05-10,0.64
2024-05-11,0.71
2024-05-12,0.73
2024-05-13,0.26
2024-05-14,0.25
2024-05-15,0.82
2024-05-16,0.24
2024-05-17,0.44
2024-05-18,0.96
2024-05-19,1.18
2024-05-20,0.43
2024-05-21,0.34
2024-05-22,0.14
2024-05-23,0.4
2024-05-24,0.57
2024-05-25,1.43
2024-05-26,1.15
2024-05-27,0.25
2024-05-28,0.33
2024-05-29,0.91
2024-05-30,0.61
2024-05-31,1.2
2024-06-01,0.82
2024-06-02,1.26
2024-06-03,1.26
2024-06-04,1.06
2024-06-05,1.02
2024-06-06,1.64
2024-06-07,1.4
2024-06-08,1.14
2024-06-09,1.22
2024-06-10,0.8
2024-06-11,0.66
2024-06-12,0.36
2024-06-13,0.62
2024-06-14,0.89
2024-06-15,0.46
2024-06-16,0.53
2024-06-17,0.63
2024-06-18,0.6
2024-06-19,0.66
2024-06-20,0.65
2024-06-21,0.69
2024-06-22,-0.03
2024-06-23,-0.26
2024-06-24,-0.65
2024-06-25,-0.4
2024-06-26,-0.81
2024-06-27,0.29
2024-06-28,0.04
2024-06-29,-0.22
2024-06-30,-0.72
2024-07-01,-0.27
2024-07-02,-0.25
2024-07-03,-0.51
2024-07-04,-0.26
2024-07-05,0.22
2024-07-06,0.55
2024-07-07,0.79
2024-07-08,1.07
2024-07-09,1.11
2024-07-10,1.05
2024-07-11,0.92
2024-07-12,0.93
2024-07-13,1.1
2024-07-14,0.99
2024-07-15,1.3
2024-07-16,1.25
2024-07-17,1.25
2024-07-18,1.1
2024-07-19,0.76
2024-07-20,1.34
2024-07-21,0.87
2024-07-22,1.67
2024-07-23,1.2
2024-07-24,1.03
2024-07-25,0.49
2024-07-26,0.81
2024-07-27,0.51
2024-07-28,0.45
2024-07-29,0.95
2024-07-30,2.27
2024-07-31,2.91
2024-08-01,2.67
2024-08-02,2.25
2024-08-03,2.6
2024-08-04,2.89
2024-08-05,3.02
2024-08-06,2.5
2024-08-07,2.48
2024-08-08,2.6
2024-08-09,2.7
2024-08-10,3.42
2024-08-11,4.21
2024-08-12,3.01
2024-08-13,2.29
2024-08-14,2.63
2024-08-15,2.88
2024-08-16,2.51
2024-08-17,3.61
2024-08-18,5.68
2024-08-19,4.06
2024-08-20,3.16
2024-08-21,2.75
2024-08-22,2.57
2024-08-23,2.33
2024-08-24,3.66
2024-08-25,4.41
2024-08-26,3.25
2024-08-27,1.89
2024-08-28,1.23
2024-08-29,1.36
2024-08-30,1.23
2024-08-31,0.36
2024-09-01,0.51
2024-09-02,0.07
2024-09-03,-0.14
2024-09-04,0.02
2024-09-05,-0.03
2024-09-06,-0.2
2024-09-07,-0.63
2024-09-08,-0.78
2024-09-09,-0.42
2024-09-10,0.47
2024-09-11,0.1
2024-09-12,0.02
2024-09-13,0.39
2024-09-14,-0.29
2024-09-15,-0.74
2024-09-16,0.49
2024-09-17,1.15
2024-09-18,1.61
2024-09-19,1.49
2024-09-20,2.21
2024-09-21,1.84
2024-09-22,0.82
2024-09-23,1.73
2024-09-24,1.88
